{
  "audioBytes" : 558044,
  "audioFile" : "2 fixtures",
  "commitSHA" : "02eacb9e56489162b556ef0569280821dc7fc672",
  "fixtureResults" : [
    {
      "audioBytes" : 130414,
      "audioFile" : "fixture-short.caf",
      "fixtureID" : "fixture-short",
      "levels" : [
        {
          "distributions" : {
            "encodeMs" : {
              "max" : 0,
              "min" : 0,
              "p50" : 0,
              "p95" : 0
            },
            "generationMs" : {
              "max" : 923.3959913253784,
              "min" : 540.2599573135376,
              "p50" : 573.3214616775513,
              "p95" : 790.4475271701809
            },
            "pasteMs" : {
              "max" : 0.24199485778808594,
              "min" : 0.02193450927734375,
              "p50" : 0.04553794860839844,
              "p95" : 0.19382238388061512
            },
            "rewriteMs" : {
              "max" : 0,
              "min" : 0,
              "p50" : 0,
              "p95" : 0
            },
            "sttMs" : {
              "max" : 923.3959913253784,
              "min" : 540.2599573135376,
              "p50" : 573.3214616775513,
              "p95" : 790.4475271701809
            },
            "totalStageMs" : {
              "max" : 923.4509468078613,
              "min" : 540.3949022293091,
              "p50" : 573.3469128608704,
              "p95" : 790.4966890811917
            }
          },
          "iterations" : 10,
          "level" : "raw",
          "providers" : {
            "sttMode" : "batch",
            "sttObserved" : [
              {
                "count" : 10,
                "model" : "scribe_v2",
                "provider" : "ElevenLabs"
              }
            ]
          }
        },
        {
          "distributions" : {
            "encodeMs" : {
              "max" : 0,
              "min" : 0,
              "p50" : 0,
              "p95" : 0
            },
            "generationMs" : {
              "max" : 1269.2289352416992,
              "min" : 860.4249954223633,
              "p50" : 1039.36105966568,
              "p95" : 1210.1011931896207
            },
            "pasteMs" : {
              "max" : 2.399921417236328,
              "min" : 0.025033950805664062,
              "p50" : 0.1894831657409668,
              "p95" : 1.7330706119537338
            },
            "rewriteMs" : {
              "max" : 704.8579454421997,
              "min" : 304.7969341278076,
              "p50" : 410.6430411338806,
              "p95" : 620.2583909034727
            },
            "sttMs" : {
              "max" : 679.3249845504761,
              "min" : 555.6280612945557,
              "p50" : 585.4710340499878,
              "p95" : 660.6590092182159
            },
            "totalStageMs" : {
              "max" : 1270.1469659805298,
              "min" : 862.8249168395996,
              "p50" : 1039.918065071106,
              "p95" : 1210.7442438602445
            }
          },
          "iterations" : 10,
          "level" : "clean",
          "providers" : {
            "rewriteObserved" : [
              {
                "count" : 10,
                "model" : "google/gemini-2.5-flash-lite",
                "path" : "openrouter"
              }
            ],
            "sttMode" : "batch",
            "sttObserved" : [
              {
                "count" : 10,
                "model" : "scribe_v2",
                "provider" : "ElevenLabs"
              }
            ]
          }
        },
        {
          "distributions" : {
            "encodeMs" : {
              "max" : 0,
              "min" : 0,
              "p50" : 0,
              "p95" : 0
            },
            "generationMs" : {
              "max" : 1216.1349058151245,
              "min" : 876.350998878479,
              "p50" : 1054.423987865448,
              "p95" : 1195.1509654521942
            },
            "pasteMs" : {
              "max" : 0.5540847778320312,
              "min" : 0.024080276489257812,
              "p50" : 0.06747245788574219,
              "p95" : 0.4433631896972654
            },
            "rewriteMs" : {
              "max" : 587.7459049224854,
              "min" : 296.2609529495239,
              "p50" : 448.5030174255371,
              "p95" : 569.804447889328
            },
            "sttMs" : {
              "max" : 628.3890008926392,
              "min" : 569.517970085144,
              "p50" : 592.8695201873779,
              "p95" : 625.4612624645233
            },
            "totalStageMs" : {
              "max" : 1216.1788940429688,
              "min" : 876.3910531997681,
              "p50" : 1054.787516593933,
              "p95" : 1195.3137755393982
            }
          },
          "iterations" : 10,
          "level" : "polish",
          "providers" : {
            "rewriteObserved" : [
              {
                "count" : 10,
                "model" : "google/gemini-2.5-flash-lite",
                "path" : "openrouter"
              }
            ],
            "sttMode" : "batch",
            "sttObserved" : [
              {
                "count" : 10,
                "model" : "scribe_v2",
                "provider" : "ElevenLabs"
              }
            ]
          }
        }
      ]
    },
    {
      "audioBytes" : 427630,
      "audioFile" : "fixture-medium.caf",
      "fixtureID" : "fixture-medium",
      "levels" : [
        {
          "distributions" : {
            "encodeMs" : {
              "max" : 38.31303119659424,
              "min" : 21.751999855041504,
              "p50" : 31.82750940322876,
              "p95" : 37.857162952423096
            },
            "generationMs" : {
              "max" : 1342.965006828308,
              "min" : 1050.9411096572876,
              "p50" : 1063.7584328651428,
              "p95" : 1306.3359022140503
            },
            "pasteMs" : {
              "max" : 0.8269548416137695,
              "min" : 0.010013580322265625,
              "p50" : 0.03254413604736328,
              "p95" : 0.5520284175872796
            },
            "rewriteMs" : {
              "max" : 0,
              "min" : 0,
              "p50" : 0,
              "p95" : 0
            },
            "sttMs" : {
              "max" : 1306.1269521713257,
              "min" : 1018.9570188522339,
              "p50" : 1032.3554873466492,
              "p95" : 1276.2865722179413
            },
            "totalStageMs" : {
              "max" : 1343.0449962615967,
              "min" : 1051.3931512832642,
              "p50" : 1063.8749599456787,
              "p95" : 1306.3871383666992
            }
          },
          "iterations" : 10,
          "level" : "raw",
          "providers" : {
            "sttMode" : "batch",
            "sttObserved" : [
              {
                "count" : 10,
                "model" : "scribe_v2",
                "provider" : "ElevenLabs"
              }
            ]
          }
        },
        {
          "distributions" : {
            "encodeMs" : {
              "max" : 87.04400062561035,
              "min" : 20.67708969116211,
              "p50" : 36.202430725097656,
              "p95" : 75.98026394844052
            },
            "generationMs" : {
              "max" : 2201.894998550415,
              "min" : 1419.0709590911865,
              "p50" : 1676.1954426765442,
              "p95" : 2026.9206106662746
            },
            "pasteMs" : {
              "max" : 0.5480051040649414,
              "min" : 0.030994415283203125,
              "p50" : 0.04100799560546875,
              "p95" : 0.3905057907104489
            },
            "rewriteMs" : {
              "max" : 1208.082914352417,
              "min" : 423.09093475341797,
              "p50" : 509.8770260810852,
              "p95" : 997.1576452255244
            },
            "sttMs" : {
              "max" : 1217.1579599380493,
              "min" : 944.8220729827881,