{
  "audioBytes" : 558044,
  "audioFile" : "2 fixtures",
  "commitSHA" : "0ce76017401ec911f1b55f8acb988f596acc2d60",
  "fixtureResults" : [
    {
      "audioBytes" : 130414,
      "audioFile" : "fixture-short.caf",
      "fixtureID" : "fixture-short",
      "levels" : [
        {
          "distributions" : {
            "encodeMs" : {
              "max" : 0,
              "min" : 0,
              "p50" : 0,
              "p95" : 0
            },
            "generationMs" : {
              "max" : 721.8379974365234,
              "min" : 562.1598958969116,
              "p50" : 588.0904793739319,
              "p95" : 696.6694891452788
            },
            "pasteMs" : {
              "max" : 0.5089044570922852,
              "min" : 0.011086463928222656,
              "p50" : 0.0209808349609375,
              "p95" : 0.3190040588378902
            },
            "rewriteMs" : {
              "max" : 0,
              "min" : 0,
              "p50" : 0,
              "p95" : 0
            },
            "sttMs" : {
              "max" : 721.8379974365234,
              "min" : 562.1598958969116,
              "p50" : 588.0904793739319,
              "p95" : 696.6694891452788
            },
            "totalStageMs" : {
              "max" : 721.8559980392456,
              "min" : 562.2369050979614,
              "p50" : 588.1089568138123,
              "p95" : 696.6843783855437
            }
          },
          "iterations" : 10,
          "level" : "raw",
          "providers" : {
            "sttMode" : "batch",
            "sttObserved" : [
              {
                "count" : 10,
                "model" : "scribe_v2",
                "provider" : "ElevenLabs"
              }
            ]
          }
        },
        {
          "distributions" : {
            "encodeMs" : {
              "max" : 0,
              "min" : 0,
              "p50" : 0,
              "p95" : 0
            },
            "generationMs" : {
              "max" : 1340.6850099563599,
              "min" : 934.0639114379883,
              "p50" : 1058.0024719238281,
              "p95" : 1317.1252369880676
            },
            "pasteMs" : {
              "max" : 0.20003318786621094,
              "min" : 0.02491474151611328,
              "p50" : 0.042498111724853516,
              "p95" : 0.14826655387878407
            },
            "rewriteMs" : {
              "max" : 706.341028213501,
              "min" : 356.95791244506836,
              "p50" : 493.6619997024536,
              "p95" : 700.7501780986786
            },
            "sttMs" : {
              "max" : 646.7680931091309,
              "min" : 541.1930084228516,
              "p50" : 584.6759080886841,
              "p95" : 630.2170395851135
            },
            "totalStageMs" : {
              "max" : 1340.709924697876,
              "min" : 934.0989589691162,
              "p50" : 1058.0594539642334,
              "p95" : 1317.1524047851562
            }
          },
          "iterations" : 10,
          "level" : "clean",
          "providers" : {
            "rewriteObserved" : [
              {
                "count" : 10,
                "model" : "google/gemini-2.5-flash-lite",
                "path" : "openrouter"
              }
            ],
            "sttMode" : "batch",
            "sttObserved" : [
              {
                "count" : 10,
                "model" : "scribe_v2",
                "provider" : "ElevenLabs"
              }
            ]
          }
        },
        {
          "distributions" : {
            "encodeMs" : {
              "max" : 0,
              "min" : 0,
              "p50" : 0,
              "p95" : 0
            },
            "generationMs" : {
              "max" : 2095.702052116394,
              "min" : 982.4479818344116,
              "p50" : 1113.320529460907,
              "p95" : 1716.8191611766806
            },
            "pasteMs" : {
              "max" : 0.12099742889404297,
              "min" : 0.028967857360839844,
              "p50" : 0.07742643356323242,
              "p95" : 0.11198520660400388
            },
            "rewriteMs" : {
              "max" : 1532.1979522705078,
              "min" : 390.45000076293945,
              "p50" : 472.93800115585327,
              "p95" : 1150.3149569034567
            },
            "sttMs" : {
              "max" : 721.3420867919922,
              "min" : 563.5040998458862,
              "p50" : 588.8095498085022,
              "p95" : 670.6392168998717
            },
            "totalStageMs" : {
              "max" : 2095.775008201599,
              "min" : 982.5489521026611,
              "p50" : 1113.3995652198792,
              "p95" : 1716.9137358665457
            }
          },
          "iterations" : 10,
          "level" : "polish",
          "providers" : {
            "rewriteObserved" : [
              {
                "count" : 10,
                "model" : "google/gemini-2.5-flash-lite",
                "path" : "openrouter"
              }
            ],
            "sttMode" : "batch",
            "sttObserved" : [
              {
                "count" : 10,
                "model" : "scribe_v2",
                "provider" : "ElevenLabs"
              }
            ]
          }
        }
      ]
    },
    {
      "audioBytes" : 427630,
      "audioFile" : "fixture-medium.caf",
      "fixtureID" : "fixture-medium",
      "levels" : [
        {
          "distributions" : {
            "encodeMs" : {
              "max" : 34.80398654937744,
              "min" : 18.87500286102295,
              "p50" : 25.762498378753662,
              "p95" : 34.00479555130005
            },
            "generationMs" : {
              "max" : 5403.752088546753,
              "min" : 1028.4210443496704,
              "p50" : 1144.2359685897827,
              "p95" : 3651.70853734016
            },
            "pasteMs" : {
              "max" : 0.09500980377197266,
              "min" : 0.010013580322265625,
              "p50" : 0.05048513412475586,
              "p95" : 0.09452700614929199
            },
            "rewriteMs" : {
              "max" : 0,
              "min" : 0,
              "p50" : 0,
              "p95" : 0
            },
            "sttMs" : {
              "max" : 5384.87708568573,
              "min" : 997.1600770950317,
              "p50" : 1115.594983100891,
              "p95" : 3631.0789942741353
            },
            "totalStageMs" : {
              "max" : 5403.770089149475,
              "min" : 1028.45299243927,
              "p50" : 1144.294023513794,
              "p95" : 3651.7467617988545
            }
          },
          "iterations" : 10,
          "level" : "raw",
          "providers" : {
            "sttMode" : "batch",
            "sttObserved" : [
              {
                "count" : 10,
                "model" : "scribe_v2",
                "provider" : "ElevenLabs"
              }
            ]
          }
        },
        {
          "distributions" : {
            "encodeMs" : {
              "max" : 36.58294677734375,
              "min" : 19.01698112487793,
              "p50" : 31.398475170135498,
              "p95" : 36.50108575820923
            },
            "generationMs" : {
              "max" : 1953.0349969863892,
              "min" : 1465.5799865722656,
              "p50" : 1686.8780255317688,
              "p95" : 1938.3239924907684
            },
            "pasteMs" : {
              "max" : 0.1289844512939453,
              "min" : 0.028967857360839844,
              "p50" : 0.06645917892456055,
              "p95" : 0.12764334678649902
            },
            "rewriteMs" : {
              "max" : 852.403998374939,
              "min" : 400.60698986053467,
              "p50" : 544.9820160865784,
              "p95" : 789.2950534820556
            },
            "sttMs" : {
              "max" : 1421.241044998169,
              "min" : 977.7650833129883,