{
  "audioBytes" : 558044,
  "audioFile" : "2 fixtures",
  "commitSHA" : "1693f9a53a59be8c2e8010feae284be1611773c0",
  "fixtureResults" : [
    {
      "audioBytes" : 130414,
      "audioFile" : "fixture-short.caf",
      "fixtureID" : "fixture-short",
      "levels" : [
        {
          "distributions" : {
            "encodeMs" : {
              "max" : 0,
              "min" : 0,
              "p50" : 0,
              "p95" : 0
            },
            "generationMs" : {
              "max" : 938.2469654083252,
              "min" : 557.3190450668335,
              "p50" : 603.9709448814392,
              "p95" : 802.3906648159024
            },
            "pasteMs" : {
              "max" : 0.10001659393310547,
              "min" : 0.03600120544433594,
              "p50" : 0.053048133850097656,
              "p95" : 0.0995337963104248
            },
            "rewriteMs" : {
              "max" : 0,
              "min" : 0,
              "p50" : 0,
              "p95" : 0
            },
            "sttMs" : {
              "max" : 938.2469654083252,
              "min" : 557.3190450668335,
              "p50" : 603.9709448814392,
              "p95" : 802.3906648159024
            },
            "totalStageMs" : {
              "max" : 938.3139610290527,
              "min" : 557.374119758606,
              "p50" : 604.0244698524475,
              "p95" : 802.4725198745724
            }
          },
          "iterations" : 10,
          "level" : "raw",
          "providers" : {
            "sttMode" : "batch",
            "sttObserved" : [
              {
                "count" : 10,
                "model" : "scribe_v2",
                "provider" : "ElevenLabs"
              }
            ]
          }
        },
        {
          "distributions" : {
            "encodeMs" : {
              "max" : 0,
              "min" : 0,
              "p50" : 0,
              "p95" : 0
            },
            "generationMs" : {
              "max" : 1431.1108589172363,
              "min" : 855.1599979400635,
              "p50" : 1269.2525386810303,
              "p95" : 1400.6360292434692
            },
            "pasteMs" : {
              "max" : 0.7480382919311523,
              "min" : 0.052928924560546875,
              "p50" : 0.14007091522216797,
              "p95" : 0.6121039390563962
            },
            "rewriteMs" : {
              "max" : 800.7500171661377,
              "min" : 297.0089912414551,
              "p50" : 433.6354732513428,
              "p95" : 749.7627794742583
            },
            "sttMs" : {
              "max" : 978.9829254150391,
              "min" : 537.8760099411011,
              "p50" : 605.5539846420288,
              "p95" : 966.9175446033478
            },
            "totalStageMs" : {
              "max" : 1431.2409162521362,
              "min" : 855.2579879760742,
              "p50" : 1269.7035074234009,
              "p95" : 1400.9082436561584
            }
          },
          "iterations" : 10,
          "level" : "clean",
          "providers" : {
            "rewriteObserved" : [
              {
                "count" : 10,
                "model" : "google/gemini-2.5-flash-lite",
                "path" : "openrouter"
              }
            ],
            "sttMode" : "batch",
            "sttObserved" : [
              {
                "count" : 10,
                "model" : "scribe_v2",
                "provider" : "ElevenLabs"
              }
            ]
          }
        },
        {
          "distributions" : {
            "encodeMs" : {
              "max" : 0,
              "min" : 0,
              "p50" : 0,
              "p95" : 0
            },
            "generationMs" : {
              "max" : 1879.6439170837402,
              "min" : 991.8290376663208,
              "p50" : 1116.0074472427368,
              "p95" : 1635.3470325469966
            },
            "pasteMs" : {
              "max" : 0.10192394256591797,
              "min" : 0.052094459533691406,
              "p50" : 0.08857250213623047,
              "p95" : 0.10149478912353516
            },
            "rewriteMs" : {
              "max" : 608.4129810333252,
              "min" : 422.8419065475464,
              "p50" : 492.8964376449585,
              "p95" : 588.0954623222351
            },
            "sttMs" : {
              "max" : 1456.8020105361938,
              "min" : 533.811092376709,
              "p50" : 575.8215188980103,
              "p95" : 1204.7007560729974
            },
            "totalStageMs" : {
              "max" : 1879.7458410263062,
              "min" : 991.8930530548096,
              "p50" : 1116.065502166748,
              "p95" : 1635.438227653503
            }
          },
          "iterations" : 10,
          "level" : "polish",
          "providers" : {
            "rewriteObserved" : [
              {
                "count" : 10,
                "model" : "x-ai/grok-4.1-fast",
                "path" : "openrouter"
              }
            ],
            "sttMode" : "batch",
            "sttObserved" : [
              {
                "count" : 10,
                "model" : "scribe_v2",
                "provider" : "ElevenLabs"
              }
            ]
          }
        }
      ]
    },
    {
      "audioBytes" : 427630,
      "audioFile" : "fixture-medium.caf",
      "fixtureID" : "fixture-medium",
      "levels" : [
        {
          "distributions" : {
            "encodeMs" : {
              "max" : 51.387906074523926,
              "min" : 27.508020401000977,
              "p50" : 33.18852186203003,
              "p95" : 46.10272049903868
            },
            "generationMs" : {
              "max" : 1386.489987373352,
              "min" : 1021.1871862411499,
              "p50" : 1178.078532218933,
              "p95" : 1363.148546218872
            },
            "pasteMs" : {
              "max" : 0.4799365997314453,
              "min" : 0.012040138244628906,
              "p50" : 0.10353326797485352,
              "p95" : 0.32560229301452603
            },
            "rewriteMs" : {
              "max" : 0,
              "min" : 0,
              "p50" : 0,
              "p95" : 0
            },
            "sttMs" : {
              "max" : 1335.1020812988281,
              "min" : 988.2280826568604,
              "p50" : 1145.7605361938477,
              "p95" : 1317.0458257198334
            },
            "totalStageMs" : {
              "max" : 1386.5599632263184,
              "min" : 1021.2662220001221,
              "p50" : 1178.186058998108,
              "p95" : 1363.4030044078827
            }
          },
          "iterations" : 10,
          "level" : "raw",
          "providers" : {
            "sttMode" : "batch",
            "sttObserved" : [
              {
                "count" : 10,
                "model" : "scribe_v2",
                "provider" : "ElevenLabs"
              }
            ]
          }
        },
        {
          "distributions" : {
            "encodeMs" : {
              "max" : 37.12105751037598,
              "min" : 22.368907928466797,
              "p50" : 33.62095355987549,
              "p95" : 36.22283935546875
            },
            "generationMs" : {
              "max" : 2016.7760848999023,
              "min" : 1274.387001991272,
              "p50" : 1576.2905478477478,
              "p95" : 1971.162223815918
            },
            "pasteMs" : {
              "max" : 0.30303001403808594,
              "min" : 0.06592273712158203,
              "p50" : 0.09649991989135742,
              "p95" : 0.24364590644836412
            },
            "rewriteMs" : {
              "max" : 823.0569362640381,
              "min" : 324.1269588470459,
              "p50" : 444.60898637771606,
              "p95" : 822.0228374004364
            },
            "sttMs" : {
              "max" : 1500.946044921875,
              "min" : 912.4270677566528,