{
  "audioBytes" : 558044,
  "audioFile" : "2 fixtures",
  "commitSHA" : "17d738ac80f2c788f34f42bf73834efb0d455c70",
  "fixtureResults" : [
    {
      "audioBytes" : 130414,
      "audioFile" : "fixture-short.caf",
      "fixtureID" : "fixture-short",
      "levels" : [
        {
          "distributions" : {
            "encodeMs" : {
              "max" : 0,
              "min" : 0,
              "p50" : 0,
              "p95" : 0
            },
            "generationMs" : {
              "max" : 861.9769811630249,
              "min" : 543.694019317627,
              "p50" : 573.7149715423584,
              "p95" : 833.1625998020171
            },
            "pasteMs" : {
              "max" : 0.0699758529663086,
              "min" : 0.013947486877441406,
              "p50" : 0.023484230041503906,
              "p95" : 0.0605344772338867
            },
            "rewriteMs" : {
              "max" : 0,
              "min" : 0,
              "p50" : 0,
              "p95" : 0
            },
            "sttMs" : {
              "max" : 861.9769811630249,
              "min" : 543.694019317627,
              "p50" : 573.7149715423584,
              "p95" : 833.1625998020171
            },
            "totalStageMs" : {
              "max" : 861.9920015335083,
              "min" : 543.7110662460327,
              "p50" : 573.7435221672058,
              "p95" : 833.2023501396178
            }
          },
          "iterations" : 10,
          "level" : "raw",
          "providers" : {
            "sttMode" : "batch",
            "sttObserved" : [
              {
                "count" : 10,
                "model" : "scribe_v2",
                "provider" : "ElevenLabs"
              }
            ]
          }
        },
        {
          "distributions" : {
            "encodeMs" : {
              "max" : 0,
              "min" : 0,
              "p50" : 0,
              "p95" : 0
            },
            "generationMs" : {
              "max" : 1373.8549947738647,
              "min" : 882.5259208679199,
              "p50" : 992.4449920654297,
              "p95" : 1330.6600034236908
            },
            "pasteMs" : {
              "max" : 0.24998188018798828,
              "min" : 0.0400543212890625,
              "p50" : 0.1004338264465332,
              "p95" : 0.2122163772583007
            },
            "rewriteMs" : {
              "max" : 646.5880870819092,
              "min" : 309.0249300003052,
              "p50" : 388.47702741622925,
              "p95" : 566.7562663555143
            },
            "sttMs" : {
              "max" : 985.4899644851685,
              "min" : 542.6779985427856,
              "p50" : 582.3004841804504,
              "p95" : 905.9264183044431
            },
            "totalStageMs" : {
              "max" : 1374.021053314209,
              "min" : 882.6498985290527,
              "p50" : 992.6069378852844,
              "p95" : 1330.7967722415924
            }
          },
          "iterations" : 10,
          "level" : "clean",
          "providers" : {
            "rewriteObserved" : [
              {
                "count" : 10,
                "model" : "google/gemini-2.5-flash-lite",
                "path" : "openrouter"
              }
            ],
            "sttMode" : "batch",
            "sttObserved" : [
              {
                "count" : 10,
                "model" : "scribe_v2",
                "provider" : "ElevenLabs"
              }
            ]
          }
        },
        {
          "distributions" : {
            "encodeMs" : {
              "max" : 0,
              "min" : 0,
              "p50" : 0,
              "p95" : 0
            },
            "generationMs" : {
              "max" : 1482.6149940490723,
              "min" : 936.1939430236816,
              "p50" : 1091.9235348701477,
              "p95" : 1413.7847900390623
            },
            "pasteMs" : {
              "max" : 0.09608268737792969,
              "min" : 0.019073486328125,
              "p50" : 0.03904104232788086,
              "p95" : 0.09109377861022948
            },
            "rewriteMs" : {
              "max" : 911.0280275344849,
              "min" : 360.99493503570557,
              "p50" : 481.47052526474,
              "p95" : 762.6746714115139
            },
            "sttMs" : {
              "max" : 865.2719259262085,
              "min" : 571.5869665145874,
              "p50" : 582.1064710617065,
              "p95" : 859.3044936656952
            },
            "totalStageMs" : {
              "max" : 1482.6940298080444,
              "min" : 936.2199306488037,
              "p50" : 1091.97199344635,
              "p95" : 1413.841778039932
            }
          },
          "iterations" : 10,
          "level" : "polish",
          "providers" : {
            "rewriteObserved" : [
              {
                "count" : 10,
                "model" : "x-ai/grok-4.1-fast",
                "path" : "openrouter"
              }
            ],
            "sttMode" : "batch",
            "sttObserved" : [
              {
                "count" : 10,
                "model" : "scribe_v2",
                "provider" : "ElevenLabs"
              }
            ]
          }
        }
      ]
    },
    {
      "audioBytes" : 427630,
      "audioFile" : "fixture-medium.caf",
      "fixtureID" : "fixture-medium",
      "levels" : [
        {
          "distributions" : {
            "encodeMs" : {
              "max" : 51.67996883392334,
              "min" : 16.173958778381348,
              "p50" : 29.967069625854492,
              "p95" : 50.498294830322266
            },
            "generationMs" : {
              "max" : 1160.4840755462646,
              "min" : 984.1859340667725,
              "p50" : 1056.1670660972595,
              "p95" : 1143.832278251648
            },
            "pasteMs" : {
              "max" : 0.09500980377197266,
              "min" : 0.016927719116210938,
              "p50" : 0.04851818084716797,
              "p95" : 0.08556842803955075
            },
            "rewriteMs" : {
              "max" : 0,
              "min" : 0,
              "p50" : 0,
              "p95" : 0
            },
            "sttMs" : {
              "max" : 1128.8970708847046,
              "min" : 957.0789337158203,
              "p50" : 1021.073043346405,
              "p95" : 1112.6984059810638
            },
            "totalStageMs" : {
              "max" : 1160.521149635315,
              "min" : 984.2599630355835,
              "p50" : 1056.2105774879456,
              "p95" : 1143.860286474228
            }
          },
          "iterations" : 10,
          "level" : "raw",
          "providers" : {
            "sttMode" : "batch",
            "sttObserved" : [
              {
                "count" : 10,
                "model" : "scribe_v2",
                "provider" : "ElevenLabs"
              }
            ]
          }
        },
        {
          "distributions" : {
            "encodeMs" : {
              "max" : 50.09496212005615,
              "min" : 17.066001892089844,
              "p50" : 33.13100337982178,
              "p95" : 49.70797300338745
            },
            "generationMs" : {
              "max" : 1762.9560232162476,
              "min" : 1350.2532243728638,
              "p50" : 1554.040014743805,
              "p95" : 1760.8117043972015
            },
            "pasteMs" : {
              "max" : 0.22101402282714844,
              "min" : 0.03898143768310547,
              "p50" : 0.08147954940795898,
              "p95" : 0.188612937927246
            },
            "rewriteMs" : {
              "max" : 600.5010604858398,
              "min" : 311.3490343093872,
              "p50" : 442.79944896698,
              "p95" : 580.6065261363983
            },
            "sttMs" : {
              "max" : 1310.802936553955,
              "min" : 947.5719928741455,