{
  "audioBytes" : 558044,
  "audioFile" : "2 fixtures",
  "commitSHA" : "467e9c71f4e460ddda0067aaecdf6cee26c3fb5b",
  "fixtureResults" : [
    {
      "audioBytes" : 130414,
      "audioFile" : "fixture-short.caf",
      "fixtureID" : "fixture-short",
      "levels" : [
        {
          "distributions" : {
            "encodeMs" : {
              "max" : 0,
              "min" : 0,
              "p50" : 0,
              "p95" : 0
            },
            "generationMs" : {
              "max" : 718.885064125061,
              "min" : 528.1199216842651,
              "p50" : 580.5069804191589,
              "p95" : 690.8788323402404
            },
            "pasteMs" : {
              "max" : 0.0959634780883789,
              "min" : 0.010967254638671875,
              "p50" : 0.018537044525146484,
              "p95" : 0.09371042251586914
            },
            "rewriteMs" : {
              "max" : 0,
              "min" : 0,
              "p50" : 0,
              "p95" : 0
            },
            "sttMs" : {
              "max" : 718.885064125061,
              "min" : 528.1199216842651,
              "p50" : 580.5069804191589,
              "p95" : 690.8788323402404
            },
            "totalStageMs" : {
              "max" : 718.9810276031494,
              "min" : 528.1308889389038,
              "p50" : 580.5255174636841,
              "p95" : 690.9469008445739
            }
          },
          "iterations" : 10,
          "level" : "raw",
          "providers" : {
            "sttMode" : "batch",
            "sttObserved" : [
              {
                "count" : 10,
                "model" : "scribe_v2",
                "provider" : "ElevenLabs"
              }
            ]
          }
        },
        {
          "distributions" : {
            "encodeMs" : {
              "max" : 0,
              "min" : 0,
              "p50" : 0,
              "p95" : 0
            },
            "generationMs" : {
              "max" : 2278.235912322998,
              "min" : 829.1370868682861,
              "p50" : 942.100465297699,
              "p95" : 1772.2316563129411
            },
            "pasteMs" : {
              "max" : 0.6630420684814453,
              "min" : 0.029921531677246094,
              "p50" : 0.05650520324707031,
              "p95" : 0.4965305328369137
            },
            "rewriteMs" : {
              "max" : 576.2540102005005,
              "min" : 289.1659736633301,
              "p50" : 375.66304206848145,
              "p95" : 522.3012685775756
            },
            "sttMs" : {
              "max" : 1879.4260025024414,
              "min" : 517.9250240325928,
              "p50" : 576.2995481491089,
              "p95" : 1303.8976013660417
            },
            "totalStageMs" : {
              "max" : 2278.298854827881,
              "min" : 829.1720151901245,
              "p50" : 942.295491695404,
              "p95" : 1772.3058640956865
            }
          },
          "iterations" : 10,
          "level" : "clean",
          "providers" : {
            "rewriteObserved" : [
              {
                "count" : 10,
                "model" : "google/gemini-2.5-flash-lite",
                "path" : "openrouter"
              }
            ],
            "sttMode" : "batch",
            "sttObserved" : [
              {
                "count" : 10,
                "model" : "scribe_v2",
                "provider" : "ElevenLabs"
              }
            ]
          }
        },
        {
          "distributions" : {
            "encodeMs" : {
              "max" : 0,
              "min" : 0,
              "p50" : 0,
              "p95" : 0
            },
            "generationMs" : {
              "max" : 1443.863034248352,
              "min" : 975.6739139556885,
              "p50" : 1078.3999562263489,
              "p95" : 1367.4525320529935
            },
            "pasteMs" : {
              "max" : 0.5860328674316406,
              "min" : 0.02300739288330078,
              "p50" : 0.04506111145019531,
              "p95" : 0.4510104656219479
            },
            "rewriteMs" : {
              "max" : 863.3420467376709,
              "min" : 382.65395164489746,
              "p50" : 485.42946577072144,
              "p95" : 795.4554438591002
            },
            "sttMs" : {
              "max" : 736.2220287322998,
              "min" : 506.24608993530273,
              "p50" : 577.8744220733643,
              "p95" : 693.1970894336699
            },
            "totalStageMs" : {
              "max" : 1443.9080953598022,
              "min" : 975.7189750671387,
              "p50" : 1078.7079334259033,
              "p95" : 1367.6060080528257
            }
          },
          "iterations" : 10,
          "level" : "polish",
          "providers" : {
            "rewriteObserved" : [
              {
                "count" : 10,
                "model" : "x-ai/grok-4.1-fast",
                "path" : "openrouter"
              }
            ],
            "sttMode" : "batch",
            "sttObserved" : [
              {
                "count" : 10,
                "model" : "scribe_v2",
                "provider" : "ElevenLabs"
              }
            ]
          }
        }
      ]
    },
    {
      "audioBytes" : 427630,
      "audioFile" : "fixture-medium.caf",
      "fixtureID" : "fixture-medium",
      "levels" : [
        {
          "distributions" : {
            "encodeMs" : {
              "max" : 40.25900363922119,
              "min" : 20.00892162322998,
              "p50" : 30.169546604156494,
              "p95" : 38.38966488838195
            },
            "generationMs" : {
              "max" : 1301.3999462127686,
              "min" : 1060.671091079712,
              "p50" : 1127.2934675216675,
              "p95" : 1256.7846715450287
            },
            "pasteMs" : {
              "max" : 0.2009868621826172,
              "min" : 0.015974044799804688,
              "p50" : 0.05054473876953125,
              "p95" : 0.184786319732666
            },
            "rewriteMs" : {
              "max" : 0,
              "min" : 0,
              "p50" : 0,
              "p95" : 0
            },
            "sttMs" : {
              "max" : 1269.3569660186768,
              "min" : 1032.3749780654907,
              "p50" : 1100.648045539856,
              "p95" : 1224.243551492691
            },
            "totalStageMs" : {
              "max" : 1301.4179468154907,
              "min" : 1060.69815158844,
              "p50" : 1127.3839473724365,
              "p95" : 1256.8458557128906
            }
          },
          "iterations" : 10,
          "level" : "raw",
          "providers" : {
            "sttMode" : "batch",
            "sttObserved" : [
              {
                "count" : 10,
                "model" : "scribe_v2",
                "provider" : "ElevenLabs"
              }
            ]
          }
        },
        {
          "distributions" : {
            "encodeMs" : {
              "max" : 72.56507873535156,
              "min" : 18.01908016204834,
              "p50" : 21.276473999023438,
              "p95" : 66.87702536582945
            },
            "generationMs" : {
              "max" : 1718.8819646835327,
              "min" : 1336.3710641860962,
              "p50" : 1459.6379399299622,
              "p95" : 1687.1817409992218
            },
            "pasteMs" : {
              "max" : 2.035975456237793,
              "min" : 0.025033950805664062,
              "p50" : 0.05251169204711914,
              "p95" : 1.349759101867674
            },
            "rewriteMs" : {
              "max" : 525.6339311599731,
              "min" : 299.01301860809326,
              "p50" : 338.9800190925598,
              "p95" : 492.0599162578582
            },
            "sttMs" : {
              "max" : 1399.340033531189,
              "min" : 981.6089868545532,