{
  "audioBytes" : 558044,
  "audioFile" : "2 fixtures",
  "commitSHA" : "50166cb1ae02356d2708a3a8bfe8b6900bb24381",
  "fixtureResults" : [
    {
      "audioBytes" : 130414,
      "audioFile" : "fixture-short.caf",
      "fixtureID" : "fixture-short",
      "levels" : [
        {
          "distributions" : {
            "encodeMs" : {
              "max" : 0,
              "min" : 0,
              "p50" : 0,
              "p95" : 0
            },
            "generationMs" : {
              "max" : 1041.896939277649,
              "min" : 564.8939609527588,
              "p50" : 600.3215312957764,
              "p95" : 944.4183826446531
            },
            "pasteMs" : {
              "max" : 0.28204917907714844,
              "min" : 0.028967857360839844,
              "p50" : 0.1264810562133789,
              "p95" : 0.22663474082946766
            },
            "rewriteMs" : {
              "max" : 0,
              "min" : 0,
              "p50" : 0,
              "p95" : 0
            },
            "sttMs" : {
              "max" : 1041.896939277649,
              "min" : 564.8939609527588,
              "p50" : 600.3215312957764,
              "p95" : 944.4183826446531
            },
            "totalStageMs" : {
              "max" : 1042.0279502868652,
              "min" : 565.0209188461304,
              "p50" : 600.4264950752258,
              "p95" : 944.5471405982969
            }
          },
          "iterations" : 10,
          "level" : "raw",
          "providers" : {
            "sttMode" : "batch",
            "sttObserved" : [
              {
                "count" : 10,
                "model" : "scribe_v2",
                "provider" : "ElevenLabs"
              }
            ]
          }
        },
        {
          "distributions" : {
            "encodeMs" : {
              "max" : 0,
              "min" : 0,
              "p50" : 0,
              "p95" : 0
            },
            "generationMs" : {
              "max" : 1121.5569972991943,
              "min" : 813.6118650436401,
              "p50" : 933.4180355072021,
              "p95" : 1072.6600050926208
            },
            "pasteMs" : {
              "max" : 0.2009868621826172,
              "min" : 0.02396106719970703,
              "p50" : 0.12701749801635742,
              "p95" : 0.1906335353851318
            },
            "rewriteMs" : {
              "max" : 437.86096572875977,
              "min" : 248.9619255065918,
              "p50" : 303.83455753326416,
              "p95" : 415.40824770927424
            },
            "sttMs" : {
              "max" : 735.5350255966187,
              "min" : 553.6938905715942,
              "p50" : 584.5829844474792,
              "p95" : 729.8852741718292
            },
            "totalStageMs" : {
              "max" : 1121.7349767684937,
              "min" : 813.6358261108398,
              "p50" : 933.5840344429016,
              "p95" : 1072.8006482124329
            }
          },
          "iterations" : 10,
          "level" : "clean",
          "providers" : {
            "rewriteObserved" : [
              {
                "count" : 10,
                "model" : "google/gemini-2.5-flash-lite",
                "path" : "openrouter"
              }
            ],
            "sttMode" : "batch",
            "sttObserved" : [
              {
                "count" : 10,
                "model" : "scribe_v2",
                "provider" : "ElevenLabs"
              }
            ]
          }
        },
        {
          "distributions" : {
            "encodeMs" : {
              "max" : 0,
              "min" : 0,
              "p50" : 0,
              "p95" : 0
            },
            "generationMs" : {
              "max" : 1758.255958557129,
              "min" : 927.6200532913208,
              "p50" : 999.8065233230591,
              "p95" : 1457.306367158889
            },
            "pasteMs" : {
              "max" : 0.1360177993774414,
              "min" : 0.027894973754882812,
              "p50" : 0.07253885269165039,
              "p95" : 0.1283466815948486
            },
            "rewriteMs" : {
              "max" : 902.6639461517334,
              "min" : 336.5058898925781,
              "p50" : 406.54200315475464,
              "p95" : 714.9329721927638
            },
            "sttMs" : {
              "max" : 855.5920124053955,
              "min" : 559.5680475234985,
              "p50" : 593.2185053825378,
              "p95" : 757.3061645030973
            },
            "totalStageMs" : {
              "max" : 1758.3129405975342,
              "min" : 927.6911020278931,
              "p50" : 999.8440146446228,
              "p95" : 1457.3598086833947
            }
          },
          "iterations" : 10,
          "level" : "polish",
          "providers" : {
            "rewriteObserved" : [
              {
                "count" : 10,
                "model" : "x-ai/grok-4.1-fast",
                "path" : "openrouter"
              }
            ],
            "sttMode" : "batch",
            "sttObserved" : [
              {
                "count" : 10,
                "model" : "scribe_v2",
                "provider" : "ElevenLabs"
              }
            ]
          }
        }
      ]
    },
    {
      "audioBytes" : 427630,
      "audioFile" : "fixture-medium.caf",
      "fixtureID" : "fixture-medium",
      "levels" : [
        {
          "distributions" : {
            "encodeMs" : {
              "max" : 35.156965255737305,
              "min" : 18.14901828765869,
              "p50" : 30.798494815826416,
              "p95" : 34.445106983184814
            },
            "generationMs" : {
              "max" : 1175.5560636520386,
              "min" : 1034.061074256897,
              "p50" : 1115.6269907951355,
              "p95" : 1172.6135194301605
            },
            "pasteMs" : {
              "max" : 0.14495849609375,
              "min" : 0.010013580322265625,
              "p50" : 0.039517879486083984,
              "p95" : 0.13599991798400876
            },
            "rewriteMs" : {
              "max" : 0,
              "min" : 0,
              "p50" : 0,
              "p95" : 0
            },
            "sttMs" : {
              "max" : 1156.1000347137451,
              "min" : 1002.7120113372803,
              "p50" : 1091.1205410957336,
              "p95" : 1146.8039274215698
            },
            "totalStageMs" : {
              "max" : 1175.5660772323608,
              "min" : 1034.1291427612305,
              "p50" : 1115.7220005989075,
              "p95" : 1172.6271271705627
            }
          },
          "iterations" : 10,
          "level" : "raw",
          "providers" : {
            "sttMode" : "batch",
            "sttObserved" : [
              {
                "count" : 10,
                "model" : "scribe_v2",
                "provider" : "ElevenLabs"
              }
            ]
          }
        },
        {
          "distributions" : {
            "encodeMs" : {
              "max" : 36.862969398498535,
              "min" : 17.62104034423828,
              "p50" : 31.65304660797119,
              "p95" : 36.03046536445618
            },
            "generationMs" : {
              "max" : 1697.9340314865112,
              "min" : 1418.652892112732,
              "p50" : 1533.7015390396118,
              "p95" : 1678.9858877658844
            },
            "pasteMs" : {
              "max" : 1.2549161911010742,
              "min" : 0.06198883056640625,
              "p50" : 0.0909566879272461,
              "p95" : 0.7968485355377186
            },
            "rewriteMs" : {
              "max" : 642.2710418701172,
              "min" : 325.7080316543579,
              "p50" : 419.32547092437744,
              "p95" : 582.7810406684874
            },
            "sttMs" : {
              "max" : 1298.9319562911987,
              "min" : 979.0120124816895,