{
  "audioBytes" : 558044,
  "audioFile" : "2 fixtures",
  "commitSHA" : "58a60ee044c3c9482e4cb8175b34f934e6eb6ff0",
  "fixtureResults" : [
    {
      "audioBytes" : 130414,
      "audioFile" : "fixture-short.caf",
      "fixtureID" : "fixture-short",
      "levels" : [
        {
          "distributions" : {
            "encodeMs" : {
              "max" : 0,
              "min" : 0,
              "p50" : 0,
              "p95" : 0
            },
            "generationMs" : {
              "max" : 1018.5940265655518,
              "min" : 526.8549919128418,
              "p50" : 561.6995096206665,
              "p95" : 842.0774757862087
            },
            "pasteMs" : {
              "max" : 0.07796287536621094,
              "min" : 0.012993812561035156,
              "p50" : 0.025987625122070312,
              "p95" : 0.06492733955383298
            },
            "rewriteMs" : {
              "max" : 0,
              "min" : 0,
              "p50" : 0,
              "p95" : 0
            },
            "sttMs" : {
              "max" : 1018.5940265655518,
              "min" : 526.8549919128418,
              "p50" : 561.6995096206665,
              "p95" : 842.0774757862087
            },
            "totalStageMs" : {
              "max" : 1018.6070203781128,
              "min" : 526.8679857254028,
              "p50" : 561.7305040359497,
              "p95" : 842.1062409877773
            }
          },
          "iterations" : 10,
          "level" : "raw",
          "providers" : {
            "sttMode" : "batch",
            "sttObserved" : [
              {
                "count" : 10,
                "model" : "scribe_v2",
                "provider" : "ElevenLabs"
              }
            ]
          }
        },
        {
          "distributions" : {
            "encodeMs" : {
              "max" : 0,
              "min" : 0,
              "p50" : 0,
              "p95" : 0
            },
            "generationMs" : {
              "max" : 1035.5149507522583,
              "min" : 860.5619668960571,
              "p50" : 962.569534778595,
              "p95" : 1030.7202339172363
            },
            "pasteMs" : {
              "max" : 0.41306018829345703,
              "min" : 0.02300739288330078,
              "p50" : 0.0584721565246582,
              "p95" : 0.35630464553832997
            },
            "rewriteMs" : {
              "max" : 437.55602836608887,
              "min" : 297.98901081085205,
              "p50" : 363.44748735427856,
              "p95" : 423.9056766033172
            },
            "sttMs" : {
              "max" : 697.1510648727417,
              "min" : 551.3070821762085,
              "p50" : 583.6155414581299,
              "p95" : 685.0082218647003
            },
            "totalStageMs" : {
              "max" : 1035.5379581451416,
              "min" : 860.6369495391846,
              "p50" : 962.7970457077026,
              "p95" : 1030.7877659797668
            }
          },
          "iterations" : 10,
          "level" : "clean",
          "providers" : {
            "rewriteObserved" : [
              {
                "count" : 10,
                "model" : "google/gemini-2.5-flash-lite",
                "path" : "openrouter"
              }
            ],
            "sttMode" : "batch",
            "sttObserved" : [
              {
                "count" : 10,
                "model" : "scribe_v2",
                "provider" : "ElevenLabs"
              }
            ]
          }
        },
        {
          "distributions" : {
            "encodeMs" : {
              "max" : 0,
              "min" : 0,
              "p50" : 0,
              "p95" : 0
            },
            "generationMs" : {
              "max" : 6994.331955909729,
              "min" : 953.46999168396,
              "p50" : 1063.4649991989136,
              "p95" : 4387.699759006494
            },
            "pasteMs" : {
              "max" : 0.18596649169921875,
              "min" : 0.024080276489257812,
              "p50" : 0.04303455352783203,
              "p95" : 0.16166567802429194
            },
            "rewriteMs" : {
              "max" : 6408.73396396637,
              "min" : 395.4509496688843,
              "p50" : 478.5899519920349,
              "p95" : 3810.363775491708
            },
            "sttMs" : {
              "max" : 697.6310014724731,
              "min" : 544.5250272750854,
              "p50" : 573.6265182495117,
              "p95" : 653.6250710487365
            },
            "totalStageMs" : {
              "max" : 6994.517922401428,
              "min" : 953.5449743270874,
              "p50" : 1063.5430216789246,
              "p95" : 4387.822318077081
            }
          },
          "iterations" : 10,
          "level" : "polish",
          "providers" : {
            "rewriteObserved" : [
              {
                "count" : 10,
                "model" : "x-ai/grok-4.1-fast",
                "path" : "openrouter"
              }
            ],
            "sttMode" : "batch",
            "sttObserved" : [
              {
                "count" : 10,
                "model" : "scribe_v2",
                "provider" : "ElevenLabs"
              }
            ]
          }
        }
      ]
    },
    {
      "audioBytes" : 427630,
      "audioFile" : "fixture-medium.caf",
      "fixtureID" : "fixture-medium",
      "levels" : [
        {
          "distributions" : {
            "encodeMs" : {
              "max" : 39.317965507507324,
              "min" : 17.304062843322754,
              "p50" : 18.737971782684326,
              "p95" : 31.48666620254515
            },
            "generationMs" : {
              "max" : 1456.5380811691284,
              "min" : 985.02516746521,
              "p50" : 1096.1660742759705,
              "p95" : 1429.7967791557312
            },
            "pasteMs" : {
              "max" : 0.20003318786621094,
              "min" : 0.009059906005859375,
              "p50" : 0.020503997802734375,
              "p95" : 0.13480186462402327
            },
            "rewriteMs" : {
              "max" : 0,
              "min" : 0,
              "p50" : 0,
              "p95" : 0
            },
            "sttMs" : {
              "max" : 1439.2340183258057,
              "min" : 963.110089302063,
              "p50" : 1078.2465934753418,
              "p95" : 1402.5864601135254
            },
            "totalStageMs" : {
              "max" : 1456.5931558609009,
              "min" : 985.039234161377,
              "p50" : 1096.1825847625732,
              "p95" : 1429.9170851707458
            }
          },
          "iterations" : 10,
          "level" : "raw",
          "providers" : {
            "sttMode" : "batch",
            "sttObserved" : [
              {
                "count" : 10,
                "model" : "scribe_v2",
                "provider" : "ElevenLabs"
              }
            ]
          }
        },
        {
          "distributions" : {
            "encodeMs" : {
              "max" : 58.889031410217285,
              "min" : 17.596960067749023,
              "p50" : 35.54201126098633,
              "p95" : 56.915301084518426
            },
            "generationMs" : {
              "max" : 1537.62686252594,
              "min" : 1309.5070123672485,
              "p50" : 1441.2320256233215,
              "p95" : 1513.7710809707642
            },
            "pasteMs" : {
              "max" : 0.14901161193847656,
              "min" : 0.0209808349609375,
              "p50" : 0.07200241088867188,
              "p95" : 0.14584660530090332
            },
            "rewriteMs" : {
              "max" : 450.5329132080078,
              "min" : 338.3220434188843,
              "p50" : 373.7124800682068,
              "p95" : 438.9953911304474
            },
            "sttMs" : {
              "max" : 1122.7020025253296,
              "min" : 915.2569770812988,