{
  "audioBytes" : 558044,
  "audioFile" : "2 fixtures",
  "commitSHA" : "6ba3531ebb411644114e34e214b648c7662c5055",
  "fixtureResults" : [
    {
      "audioBytes" : 130414,
      "audioFile" : "fixture-short.caf",
      "fixtureID" : "fixture-short",
      "levels" : [
        {
          "distributions" : {
            "encodeMs" : {
              "max" : 0,
              "min" : 0,
              "p50" : 0,
              "p95" : 0
            },
            "generationMs" : {
              "max" : 619.642972946167,
              "min" : 559.4699382781982,
              "p50" : 592.844545841217,
              "p95" : 619.0111517906189
            },
            "pasteMs" : {
              "max" : 0.18095970153808594,
              "min" : 0.007987022399902344,
              "p50" : 0.016987323760986328,
              "p95" : 0.15987753868103022
            },
            "rewriteMs" : {
              "max" : 0,
              "min" : 0,
              "p50" : 0,
              "p95" : 0
            },
            "sttMs" : {
              "max" : 619.642972946167,
              "min" : 559.4699382781982,
              "p50" : 592.844545841217,
              "p95" : 619.0111517906189
            },
            "totalStageMs" : {
              "max" : 619.8239326477051,
              "min" : 559.5300197601318,
              "p50" : 592.9185748100281,
              "p95" : 619.1142737865448
            }
          },
          "iterations" : 10,
          "level" : "raw",
          "providers" : {
            "sttMode" : "batch",
            "sttObserved" : [
              {
                "count" : 10,
                "model" : "scribe_v2",
                "provider" : "ElevenLabs"
              }
            ]
          }
        },
        {
          "distributions" : {
            "encodeMs" : {
              "max" : 0,
              "min" : 0,
              "p50" : 0,
              "p95" : 0
            },
            "generationMs" : {
              "max" : 5180.533885955811,
              "min" : 963.310956954956,
              "p50" : 1433.0514669418335,
              "p95" : 3904.385292530057
            },
            "pasteMs" : {
              "max" : 0.5929470062255859,
              "min" : 0.02491474151611328,
              "p50" : 0.08046627044677734,
              "p95" : 0.3994524478912349
            },
            "rewriteMs" : {
              "max" : 4577.230930328369,
              "min" : 391.96693897247314,
              "p50" : 718.0715203285217,
              "p95" : 3305.0193369388553
            },
            "sttMs" : {
              "max" : 1772.5210189819336,
              "min" : 552.7029037475586,
              "p50" : 598.9285111427307,
              "p95" : 1251.9362211227403
            },
            "totalStageMs" : {
              "max" : 5180.617809295654,
              "min" : 963.3510112762451,
              "p50" : 1433.1119656562805,
              "p95" : 3904.4499039649936
            }
          },
          "iterations" : 10,
          "level" : "clean",
          "providers" : {
            "rewriteObserved" : [
              {
                "count" : 10,
                "model" : "google/gemini-2.5-flash-lite",
                "path" : "openrouter"
              }
            ],
            "sttMode" : "batch",
            "sttObserved" : [
              {
                "count" : 10,
                "model" : "scribe_v2",
                "provider" : "ElevenLabs"
              }
            ]
          }
        },
        {
          "distributions" : {
            "encodeMs" : {
              "max" : 0,
              "min" : 0,
              "p50" : 0,
              "p95" : 0
            },
            "generationMs" : {
              "max" : 1699.501872062683,
              "min" : 971.5219736099243,
              "p50" : 1120.9694743156433,
              "p95" : 1599.7945070266721
            },
            "pasteMs" : {
              "max" : 0.19502639770507812,
              "min" : 0.02396106719970703,
              "p50" : 0.05549192428588867,
              "p95" : 0.1797378063201904
            },
            "rewriteMs" : {
              "max" : 1108.16490650177,
              "min" : 389.67299461364746,
              "p50" : 498.5654950141907,
              "p95" : 1005.4047584533689
            },
            "sttMs" : {
              "max" : 760.1079940795898,
              "min" : 564.1729831695557,
              "p50" : 596.5814590454102,
              "p95" : 716.1443352699279
            },
            "totalStageMs" : {
              "max" : 1699.5348930358887,
              "min" : 971.6149568557739,
              "p50" : 1121.0904717445374,
              "p95" : 1599.9004304409025
            }
          },
          "iterations" : 10,
          "level" : "polish",
          "providers" : {
            "rewriteObserved" : [
              {
                "count" : 10,
                "model" : "google/gemini-2.5-flash-lite",
                "path" : "openrouter"
              }
            ],
            "sttMode" : "batch",
            "sttObserved" : [
              {
                "count" : 10,
                "model" : "scribe_v2",
                "provider" : "ElevenLabs"
              }
            ]
          }
        }
      ]
    },
    {
      "audioBytes" : 427630,
      "audioFile" : "fixture-medium.caf",
      "fixtureID" : "fixture-medium",
      "levels" : [
        {
          "distributions" : {
            "encodeMs" : {
              "max" : 35.45689582824707,
              "min" : 20.959973335266113,
              "p50" : 32.97299146652222,
              "p95" : 35.26930212974548
            },
            "generationMs" : {
              "max" : 2555.306077003479,
              "min" : 1002.4290084838867,
              "p50" : 1078.80699634552,
              "p95" : 2018.479913473128
            },
            "pasteMs" : {
              "max" : 0.3540515899658203,
              "min" : 0.014066696166992188,
              "p50" : 0.04500150680541992,
              "p95" : 0.31124353408813465
            },
            "rewriteMs" : {
              "max" : 0,
              "min" : 0,
              "p50" : 0,
              "p95" : 0
            },
            "sttMs" : {
              "max" : 2529.3500423431396,
              "min" : 970.9219932556152,
              "p50" : 1048.3469367027283,
              "p95" : 1989.534074068068
            },
            "totalStageMs" : {
              "max" : 2555.3321838378906,
              "min" : 1002.4750232696533,
              "p50" : 1078.9629220962524,
              "p95" : 2018.5140669345842
            }
          },
          "iterations" : 10,
          "level" : "raw",
          "providers" : {
            "sttMode" : "batch",
            "sttObserved" : [
              {
                "count" : 10,
                "model" : "scribe_v2",
                "provider" : "ElevenLabs"
              }
            ]
          }
        },
        {
          "distributions" : {
            "encodeMs" : {
              "max" : 38.02907466888428,
              "min" : 19.528985023498535,
              "p50" : 26.082992553710938,
              "p95" : 37.60421276092529
            },
            "generationMs" : {
              "max" : 4858.423113822937,
              "min" : 1549.2610931396484,
              "p50" : 1785.7320308685303,
              "p95" : 4730.158698558807
            },
            "pasteMs" : {
              "max" : 0.15294551849365234,
              "min" : 0.02193450927734375,
              "p50" : 0.05602836608886719,
              "p95" : 0.11786222457885734
            },
            "rewriteMs" : {
              "max" : 3485.4259490966797,
              "min" : 461.08007431030273,
              "p50" : 699.821949005127,
              "p95" : 3461.3622426986694
            },
            "sttMs" : {
              "max" : 1403.9510488510132,
              "min" : 1003.2930374145508,