{
  "audioBytes" : 427630,
  "audioFile" : "fixture.caf",
  "commitSHA" : "7cac19204e560e5435caf3fa8bb62d79ee7efdca",
  "generatedAt" : "2026-02-19T03:51:08Z",
  "iterationsPerLevel" : 3,
  "label" : "ci-master",
  "levels" : [
    {
      "distributions" : {
        "encodeMs" : {
          "max" : 23.30601215362549,
          "min" : 17.764925956726074,
          "p50" : 18.641948699951172,
          "p95" : 22.839605808258057
        },
        "generationMs" : {
          "max" : 1648.8209962844849,
          "min" : 1065.6019449234009,
          "p50" : 1154.120922088623,
          "p95" : 1599.3509888648987
        },
        "pasteMs" : {
          "max" : 0.10001659393310547,
          "min" : 0.01704692840576172,
          "p50" : 0.08606910705566406,
          "p95" : 0.09862184524536133
        },
        "rewriteMs" : {
          "max" : 0,
          "min" : 0,
          "p50" : 0,
          "p95" : 0
        },
        "sttMs" : {
          "max" : 1625.5149841308594,
          "min" : 1046.9599962234497,
          "p50" : 1136.355996131897,
          "p95" : 1576.5990853309631
        },
        "totalStageMs" : {
          "max" : 1648.921012878418,
          "min" : 1065.6189918518066,
          "p50" : 1154.2069911956787,
          "p95" : 1599.449610710144
        }
      },
      "iterations" : 3,
      "level" : "raw",
      "providers" : {
        "sttMode" : "batch",
        "sttObserved" : [
          {
            "count" : 3,
            "model" : "scribe_v2",
            "provider" : "ElevenLabs"
          }
        ]
      }
    },
    {
      "distributions" : {
        "encodeMs" : {
          "max" : 22.366046905517578,
          "min" : 17.840027809143066,
          "p50" : 19.5009708404541,
          "p95" : 22.07953929901123
        },
        "generationMs" : {
          "max" : 1803.391933441162,
          "min" : 1543.187975883484,
          "p50" : 1780.4019451141357,
          "p95" : 1801.0929346084595
        },
        "pasteMs" : {
          "max" : 0.07295608520507812,
          "min" : 0.04100799560546875,
          "p50" : 0.05793571472167969,
          "p95" : 0.07145404815673828
        },
        "rewriteMs" : {
          "max" : 573.7649202346802,
          "min" : 416.16499423980713,
          "p50" : 461.75098419189453,
          "p95" : 562.5635266304016
        },
        "sttMs" : {
          "max" : 1344.7359800338745,
          "min" : 1059.0709447860718,
          "p50" : 1211.7869853973389,
          "p95" : 1331.441080570221
        },
        "totalStageMs" : {
          "max" : 1803.4648895263672,
          "min" : 1543.2459115982056,
          "p50" : 1780.4429531097412,
          "p95" : 1801.1626958847046
        }
      },
      "iterations" : 3,
      "level" : "clean",
      "providers" : {
        "rewriteObserved" : [
          {
            "count" : 3,
            "model" : "google/gemini-2.5-flash-lite",
            "path" : "openrouter"
          }
        ],
        "sttMode" : "batch",
        "sttObserved" : [
          {
            "count" : 3,
            "model" : "scribe_v2",
            "provider" : "ElevenLabs"
          }
        ]
      }
    },
    {
      "distributions" : {
        "encodeMs" : {
          "max" : 19.204020500183105,
          "min" : 17.626047134399414,
          "p50" : 18.09096336364746,
          "p95" : 19.09271478652954
        },
        "generationMs" : {
          "max" : 1981.4870357513428,
          "min" : 1536.6719961166382,
          "p50" : 1608.3358526229858,
          "p95" : 1944.171917438507
        },
        "pasteMs" : {
          "max" : 0.033974647521972656,
          "min" : 0.028967857360839844,
          "p50" : 0.028967857360839844,
          "p95" : 0.033473968505859375
        },
        "rewriteMs" : {
          "max" : 777.7459621429443,
          "min" : 370.4209327697754,
          "p50" : 446.6129541397095,
          "p95" : 744.6326613426208
        },
        "sttMs" : {
          "max" : 1186.115026473999,
          "min" : 1143.631935119629,
          "p50" : 1147.0470428466797,
          "p95" : 1182.208228111267
        },
        "totalStageMs" : {
          "max" : 1981.5160036087036,
          "min" : 1536.700963973999,
          "p50" : 1608.3698272705078,
          "p95" : 1944.201385974884
        }
      },
      "iterations" : 3,
      "level" : "polish",
      "providers" : {
        "rewriteObserved" : [
          {
            "count" : 3,
            "model" : "x-ai/grok-4.1-fast",
            "path" : "openrouter"
          }
        ],
        "sttMode" : "batch",
        "sttObserved" : [
          {
            "count" : 3,
            "model" : "scribe_v2",
            "provider" : "ElevenLabs"
          }
        ]
      }
    }
  ],
  "rewriteRouting" : "openrouter",
  "schemaVersion" : 2,
  "sttChain" : [
    {
      "model" : "scribe_v2",
      "provider" : "ElevenLabs"
    },
    {
      "model" : "nova-3",
      "provider" : "Deepgram"
    }
  ],
  "sttMode" : "batch",
  "sttSelectionPolicy" : "auto"
}