{
  "audioBytes" : 558044,
  "audioFile" : "2 fixtures",
  "commitSHA" : "89bd705435ff0ea8de3cd5086d9c32e5cd4ebe70",
  "fixtureResults" : [
    {
      "audioBytes" : 130414,
      "audioFile" : "fixture-short.caf",
      "fixtureID" : "fixture-short",
      "levels" : [
        {
          "distributions" : {
            "encodeMs" : {
              "max" : 0,
              "min" : 0,
              "p50" : 0,
              "p95" : 0
            },
            "generationMs" : {
              "max" : 570.7800388336182,
              "min" : 526.6350507736206,
              "p50" : 558.493971824646,
              "p95" : 568.3927655220032
            },
            "pasteMs" : {
              "max" : 0.11801719665527344,
              "min" : 0.008106231689453125,
              "p50" : 0.05549192428588867,
              "p95" : 0.11442303657531737
            },
            "rewriteMs" : {
              "max" : 0,
              "min" : 0,
              "p50" : 0,
              "p95" : 0
            },
            "sttMs" : {
              "max" : 570.7800388336182,
              "min" : 526.6350507736206,
              "p50" : 558.493971824646,
              "p95" : 568.3927655220032
            },
            "totalStageMs" : {
              "max" : 570.8240270614624,
              "min" : 526.6431570053101,
              "p50" : 558.5535168647766,
              "p95" : 568.4700667858124
            }
          },
          "iterations" : 10,
          "level" : "raw",
          "providers" : {
            "sttMode" : "batch",
            "sttObserved" : [
              {
                "count" : 10,
                "model" : "scribe_v2",
                "provider" : "ElevenLabs"
              }
            ]
          }
        },
        {
          "distributions" : {
            "encodeMs" : {
              "max" : 0,
              "min" : 0,
              "p50" : 0,
              "p95" : 0
            },
            "generationMs" : {
              "max" : 1282.2661399841309,
              "min" : 859.9101305007935,
              "p50" : 983.9450716972351,
              "p95" : 1262.8157258033752
            },
            "pasteMs" : {
              "max" : 0.1430511474609375,
              "min" : 0.02205371856689453,
              "p50" : 0.09900331497192383,
              "p95" : 0.13854503631591797
            },
            "rewriteMs" : {
              "max" : 748.5320568084717,
              "min" : 313.3629560470581,
              "p50" : 449.00500774383545,
              "p95" : 707.3147118091582
            },
            "sttMs" : {
              "max" : 582.1050405502319,
              "min" : 526.80504322052,
              "p50" : 548.4460592269897,
              "p95" : 571.7361569404602
            },
            "totalStageMs" : {
              "max" : 1282.292127609253,
              "min" : 860.0431680679321,
              "p50" : 984.0590357780457,
              "p95" : 1262.889403104782
            }
          },
          "iterations" : 10,
          "level" : "clean",
          "providers" : {
            "rewriteObserved" : [
              {
                "count" : 10,
                "model" : "google/gemini-2.5-flash-lite",
                "path" : "openrouter"
              }
            ],
            "sttMode" : "batch",
            "sttObserved" : [
              {
                "count" : 10,
                "model" : "scribe_v2",
                "provider" : "ElevenLabs"
              }
            ]
          }
        },
        {
          "distributions" : {
            "encodeMs" : {
              "max" : 0,
              "min" : 0,
              "p50" : 0,
              "p95" : 0
            },
            "generationMs" : {
              "max" : 1139.7008895874023,
              "min" : 902.8469324111938,
              "p50" : 1007.3164105415344,
              "p95" : 1106.0922741889954
            },
            "pasteMs" : {
              "max" : 0.22804737091064453,
              "min" : 0.02205371856689453,
              "p50" : 0.10448694229125977,
              "p95" : 0.18931627273559562
            },
            "rewriteMs" : {
              "max" : 536.2149477005005,
              "min" : 336.84492111206055,
              "p50" : 407.3764681816101,
              "p95" : 530.9418857097626
            },
            "sttMs" : {
              "max" : 609.9869012832642,
              "min" : 540.518045425415,
              "p50" : 580.3004503250122,
              "p95" : 607.0614695549011
            },
            "totalStageMs" : {
              "max" : 1139.8298740386963,
              "min" : 902.8749465942383,
              "p50" : 1007.3984265327454,
              "p95" : 1106.1933636665344
            }
          },
          "iterations" : 10,
          "level" : "polish",
          "providers" : {
            "rewriteObserved" : [
              {
                "count" : 10,
                "model" : "x-ai/grok-4.1-fast",
                "path" : "openrouter"
              }
            ],
            "sttMode" : "batch",
            "sttObserved" : [
              {
                "count" : 10,
                "model" : "scribe_v2",
                "provider" : "ElevenLabs"
              }
            ]
          }
        }
      ]
    },
    {
      "audioBytes" : 427630,
      "audioFile" : "fixture-medium.caf",
      "fixtureID" : "fixture-medium",
      "levels" : [
        {
          "distributions" : {
            "encodeMs" : {
              "max" : 50.47798156738281,
              "min" : 17.65000820159912,
              "p50" : 29.32453155517578,
              "p95" : 45.27599811553954
            },
            "generationMs" : {
              "max" : 1059.906005859375,
              "min" : 966.0681486129761,
              "p50" : 1007.5294971466064,
              "p95" : 1043.7645256519318
            },
            "pasteMs" : {
              "max" : 0.10800361633300781,
              "min" : 0.010013580322265625,
              "p50" : 0.07200241088867188,
              "p95" : 0.10800361633300781
            },
            "rewriteMs" : {
              "max" : 0,
              "min" : 0,
              "p50" : 0,
              "p95" : 0
            },
            "sttMs" : {
              "max" : 1029.2869806289673,
              "min" : 934.8050355911255,
              "p50" : 978.6520004272461,
              "p95" : 1012.1402084827423
            },
            "totalStageMs" : {
              "max" : 1060.0050687789917,
              "min" : 966.0781621932983,
              "p50" : 1007.6195001602173,
              "p95" : 1043.8676118850708
            }
          },
          "iterations" : 10,
          "level" : "raw",
          "providers" : {
            "sttMode" : "batch",
            "sttObserved" : [
              {
                "count" : 10,
                "model" : "scribe_v2",
                "provider" : "ElevenLabs"
              }
            ]
          }
        },
        {
          "distributions" : {
            "encodeMs" : {
              "max" : 54.55899238586426,
              "min" : 18.162012100219727,
              "p50" : 32.89496898651123,
              "p95" : 53.69993448257446
            },
            "generationMs" : {
              "max" : 1880.3220987319946,
              "min" : 1300.1809120178223,
              "p50" : 1525.4230499267578,
              "p95" : 1851.2417495250702
            },
            "pasteMs" : {
              "max" : 0.1430511474609375,
              "min" : 0.04601478576660156,
              "p50" : 0.06502866744995117,
              "p95" : 0.13988614082336426
            },
            "rewriteMs" : {
              "max" : 714.3679857254028,
              "min" : 286.1579656600952,
              "p50" : 451.52199268341064,
              "p95" : 669.721221923828
            },
            "sttMs" : {
              "max" : 1360.8070611953735,
              "min" : 915.1910543441772,