{
  "audioBytes" : 558044,
  "audioFile" : "2 fixtures",
  "commitSHA" : "8bf4d9053539d823d6883da7a53fd00acef0c74e",
  "fixtureResults" : [
    {
      "audioBytes" : 130414,
      "audioFile" : "fixture-short.caf",
      "fixtureID" : "fixture-short",
      "levels" : [
        {
          "distributions" : {
            "encodeMs" : {
              "max" : 0,
              "min" : 0,
              "p50" : 0,
              "p95" : 0
            },
            "generationMs" : {
              "max" : 1173.0060577392578,
              "min" : 613.8200759887695,
              "p50" : 658.688485622406,
              "p95" : 1006.9119274616237
            },
            "pasteMs" : {
              "max" : 0.1590251922607422,
              "min" : 0.012993812561035156,
              "p50" : 0.07146596908569336,
              "p95" : 0.15049576759338376
            },
            "rewriteMs" : {
              "max" : 0,
              "min" : 0,
              "p50" : 0,
              "p95" : 0
            },
            "sttMs" : {
              "max" : 1173.0060577392578,
              "min" : 613.8200759887695,
              "p50" : 658.688485622406,
              "p95" : 1006.9119274616237
            },
            "totalStageMs" : {
              "max" : 1173.14612865448,
              "min" : 613.9410734176636,
              "p50" : 658.7809920310974,
              "p95" : 1007.0231378078456
            }
          },
          "iterations" : 10,
          "level" : "raw",
          "providers" : {
            "sttMode" : "batch",
            "sttObserved" : [
              {
                "count" : 10,
                "model" : "scribe_v2",
                "provider" : "ElevenLabs"
              }
            ]
          }
        },
        {
          "distributions" : {
            "encodeMs" : {
              "max" : 0,
              "min" : 0,
              "p50" : 0,
              "p95" : 0
            },
            "generationMs" : {
              "max" : 1888.5339498519897,
              "min" : 923.0359792709351,
              "p50" : 1153.9234519004822,
              "p95" : 1597.4051058292382
            },
            "pasteMs" : {
              "max" : 0.22995471954345703,
              "min" : 0.04398822784423828,
              "p50" : 0.0845193862915039,
              "p95" : 0.20388364791870112
            },
            "rewriteMs" : {
              "max" : 612.0460033416748,
              "min" : 353.8680076599121,
              "p50" : 449.4669437408447,
              "p95" : 589.3610596656799
            },
            "sttMs" : {
              "max" : 1276.487946510315,
              "min" : 569.167971611023,
              "p50" : 690.8249855041504,
              "p95" : 1055.7917654514308
            },
            "totalStageMs" : {
              "max" : 1888.7059688568115,
              "min" : 923.2659339904785,
              "p50" : 1153.9709568023682,
              "p95" : 1597.5460648536675
            }
          },
          "iterations" : 10,
          "level" : "clean",
          "providers" : {
            "rewriteObserved" : [
              {
                "count" : 10,
                "model" : "google/gemini-2.5-flash-lite",
                "path" : "openrouter"
              }
            ],
            "sttMode" : "batch",
            "sttObserved" : [
              {
                "count" : 10,
                "model" : "scribe_v2",
                "provider" : "ElevenLabs"
              }
            ]
          }
        },
        {
          "distributions" : {
            "encodeMs" : {
              "max" : 0,
              "min" : 0,
              "p50" : 0,
              "p95" : 0
            },
            "generationMs" : {
              "max" : 4952.136039733887,
              "min" : 1020.2699899673462,
              "p50" : 1155.0909876823425,
              "p95" : 3535.8244836330377
            },
            "pasteMs" : {
              "max" : 0.17201900482177734,
              "min" : 0.048041343688964844,
              "p50" : 0.09101629257202148,
              "p95" : 0.1607537269592285
            },
            "rewriteMs" : {
              "max" : 4261.0310316085815,
              "min" : 409.4029664993286,
              "p50" : 515.5054926872253,
              "p95" : 2711.711144447323
            },
            "sttMs" : {
              "max" : 986.6790771484375,
              "min" : 510.7930898666382,
              "p50" : 646.2875008583069,
              "p95" : 854.9145400524136
            },
            "totalStageMs" : {
              "max" : 4952.283024787903,
              "min" : 1020.346999168396,
              "p50" : 1155.22700548172,
              "p95" : 3535.968786478039
            }
          },
          "iterations" : 10,
          "level" : "polish",
          "providers" : {
            "rewriteObserved" : [
              {
                "count" : 10,
                "model" : "x-ai/grok-4.1-fast",
                "path" : "openrouter"
              }
            ],
            "sttMode" : "batch",
            "sttObserved" : [
              {
                "count" : 10,
                "model" : "scribe_v2",
                "provider" : "ElevenLabs"
              }
            ]
          }
        }
      ]
    },
    {
      "audioBytes" : 427630,
      "audioFile" : "fixture-medium.caf",
      "fixtureID" : "fixture-medium",
      "levels" : [
        {
          "distributions" : {
            "encodeMs" : {
              "max" : 34.983038902282715,
              "min" : 21.07691764831543,
              "p50" : 24.94901418685913,
              "p95" : 33.503854274749756
            },
            "generationMs" : {
              "max" : 2242.1380281448364,
              "min" : 1048.0730533599854,
              "p50" : 1166.7475700378418,
              "p95" : 1906.3641369342795
            },
            "pasteMs" : {
              "max" : 0.2810955047607422,
              "min" : 0.010967254638671875,
              "p50" : 0.048995018005371094,
              "p95" : 0.268489122390747
            },
            "rewriteMs" : {
              "max" : 0,
              "min" : 0,
              "p50" : 0,
              "p95" : 0
            },
            "sttMs" : {
              "max" : 2217.0300483703613,
              "min" : 1019.2010402679443,
              "p50" : 1145.0485587120056,
              "p95" : 1883.0701351165762
            },
            "totalStageMs" : {
              "max" : 2242.148995399475,
              "min" : 1048.3261346817017,
              "p50" : 1166.7975783348083,
              "p95" : 1906.3814342021933
            }
          },
          "iterations" : 10,
          "level" : "raw",
          "providers" : {
            "sttMode" : "batch",
            "sttObserved" : [
              {
                "count" : 10,
                "model" : "scribe_v2",
                "provider" : "ElevenLabs"
              }
            ]
          }
        },
        {
          "distributions" : {
            "encodeMs" : {
              "max" : 33.25998783111572,
              "min" : 19.560933113098145,
              "p50" : 25.273501873016357,
              "p95" : 33.08897018432617
            },
            "generationMs" : {
              "max" : 3368.477940559387,
              "min" : 1591.561198234558,
              "p50" : 2055.3484559059143,
              "p95" : 3282.133287191391
            },
            "pasteMs" : {
              "max" : 0.09799003601074219,
              "min" : 0.051021575927734375,
              "p50" : 0.08606910705566406,
              "p95" : 0.09713172912597656
            },
            "rewriteMs" : {
              "max" : 1395.1730728149414,
              "min" : 468.5429334640503,
              "p50" : 593.685507774353,
              "p95" : 1246.2153613567348
            },
            "sttMs" : {
              "max" : 2556.502938270569,
              "min" : 974.1530418395996,