{
  "audioBytes" : 558044,
  "audioFile" : "2 fixtures",
  "commitSHA" : "8ef5af42801af789fd3f264a60b832d5d11cefcd",
  "fixtureResults" : [
    {
      "audioBytes" : 130414,
      "audioFile" : "fixture-short.caf",
      "fixtureID" : "fixture-short",
      "levels" : [
        {
          "distributions" : {
            "encodeMs" : {
              "max" : 0,
              "min" : 0,
              "p50" : 0,
              "p95" : 0
            },
            "generationMs" : {
              "max" : 15089.547991752625,
              "min" : 566.9699907302856,
              "p50" : 612.4190092086792,
              "p95" : 8683.04020762442
            },
            "pasteMs" : {
              "max" : 0.054001808166503906,
              "min" : 0.012040138244628906,
              "p50" : 0.030517578125,
              "p95" : 0.05131959915161132
            },
            "rewriteMs" : {
              "max" : 0,
              "min" : 0,
              "p50" : 0,
              "p95" : 0
            },
            "sttMs" : {
              "max" : 15089.547991752625,
              "min" : 566.9699907302856,
              "p50" : 612.4190092086792,
              "p95" : 8683.04020762442
            },
            "totalStageMs" : {
              "max" : 15089.601993560791,
              "min" : 567.0180320739746,
              "p50" : 612.4500036239624,
              "p95" : 8683.075326681123
            }
          },
          "iterations" : 10,
          "level" : "raw",
          "providers" : {
            "sttMode" : "batch",
            "sttObserved" : [
              {
                "count" : 10,
                "model" : "scribe_v2",
                "provider" : "ElevenLabs"
              }
            ]
          }
        },
        {
          "distributions" : {
            "encodeMs" : {
              "max" : 0,
              "min" : 0,
              "p50" : 0,
              "p95" : 0
            },
            "generationMs" : {
              "max" : 1556.6010475158691,
              "min" : 911.7839336395264,
              "p50" : 1150.017499923706,
              "p95" : 1423.8447368144987
            },
            "pasteMs" : {
              "max" : 0.08404254913330078,
              "min" : 0.02396106719970703,
              "p50" : 0.029027462005615234,
              "p95" : 0.06650090217590328
            },
            "rewriteMs" : {
              "max" : 779.7620296478271,
              "min" : 312.48199939727783,
              "p50" : 558.6115121841431,
              "p95" : 745.2429652214049
            },
            "sttMs" : {
              "max" : 776.839017868042,
              "min" : 558.5340261459351,
              "p50" : 597.2904562950134,
              "p95" : 707.3410511016843
            },
            "totalStageMs" : {
              "max" : 1556.6281080245972,
              "min" : 911.8149280548096,
              "p50" : 1150.0535607337952,
              "p95" : 1423.872226476669
            }
          },
          "iterations" : 10,
          "level" : "clean",
          "providers" : {
            "rewriteObserved" : [
              {
                "count" : 10,
                "model" : "google/gemini-2.5-flash-lite",
                "path" : "openrouter"
              }
            ],
            "sttMode" : "batch",
            "sttObserved" : [
              {
                "count" : 10,
                "model" : "scribe_v2",
                "provider" : "ElevenLabs"
              }
            ]
          }
        },
        {
          "distributions" : {
            "encodeMs" : {
              "max" : 0,
              "min" : 0,
              "p50" : 0,
              "p95" : 0
            },
            "generationMs" : {
              "max" : 1507.1380138397217,
              "min" : 1023.7551927566528,
              "p50" : 1110.411524772644,
              "p95" : 1417.5681650638578
            },
            "pasteMs" : {
              "max" : 0.3631114959716797,
              "min" : 0.02396106719970703,
              "p50" : 0.04947185516357422,
              "p95" : 0.2366185188293454
            },
            "rewriteMs" : {
              "max" : 718.148946762085,
              "min" : 433.9931011199951,
              "p50" : 506.9500207901001,
              "p95" : 718.11203956604
            },
            "sttMs" : {
              "max" : 802.6180267333984,
              "min" : 545.7119941711426,
              "p50" : 587.4255895614624,
              "p95" : 720.8728253841398
            },
            "totalStageMs" : {
              "max" : 1507.1829557418823,
              "min" : 1023.8221883773804,
              "p50" : 1110.6220483779907,
              "p95" : 1417.6064014434812
            }
          },
          "iterations" : 10,
          "level" : "polish",
          "providers" : {
            "rewriteObserved" : [
              {
                "count" : 10,
                "model" : "x-ai/grok-4.1-fast",
                "path" : "openrouter"
              }
            ],
            "sttMode" : "batch",
            "sttObserved" : [
              {
                "count" : 10,
                "model" : "scribe_v2",
                "provider" : "ElevenLabs"
              }
            ]
          }
        }
      ]
    },
    {
      "audioBytes" : 427630,
      "audioFile" : "fixture-medium.caf",
      "fixtureID" : "fixture-medium",
      "levels" : [
        {
          "distributions" : {
            "encodeMs" : {
              "max" : 43.197035789489746,
              "min" : 18.530964851379395,
              "p50" : 24.06942844390869,
              "p95" : 40.60730934143066
            },
            "generationMs" : {
              "max" : 1754.4950246810913,
              "min" : 1022.9611396789551,
              "p50" : 1159.1650247573853,
              "p95" : 1642.354118824005
            },
            "pasteMs" : {
              "max" : 0.35393238067626953,
              "min" : 0.008940696716308594,
              "p50" : 0.016927719116210938,
              "p95" : 0.2567291259765623
            },
            "rewriteMs" : {
              "max" : 0,
              "min" : 0,
              "p50" : 0,
              "p95" : 0
            },
            "sttMs" : {
              "max" : 1727.2069454193115,
              "min" : 991.5940761566162,
              "p50" : 1139.65904712677,
              "p95" : 1607.9070091247556
            },
            "totalStageMs" : {
              "max" : 1754.6329498291016,
              "min" : 1022.9780673980713,
              "p50" : 1159.3504548072815,
              "p95" : 1642.4340009689329
            }
          },
          "iterations" : 10,
          "level" : "raw",
          "providers" : {
            "sttMode" : "batch",
            "sttObserved" : [
              {
                "count" : 10,
                "model" : "scribe_v2",
                "provider" : "ElevenLabs"
              }
            ]
          }
        },
        {
          "distributions" : {
            "encodeMs" : {
              "max" : 201.72500610351562,
              "min" : 17.990946769714355,
              "p50" : 24.8224139213562,
              "p95" : 130.19837737083418
            },
            "generationMs" : {
              "max" : 1770.5680131912231,
              "min" : 1376.5928745269775,
              "p50" : 1551.0889291763306,
              "p95" : 1736.8544161319733
            },
            "pasteMs" : {
              "max" : 0.3910064697265625,
              "min" : 0.027060508728027344,
              "p50" : 0.0445246696472168,
              "p95" : 0.27036070823669406
            },
            "rewriteMs" : {
              "max" : 584.4870805740356,
              "min" : 318.05098056793213,
              "p50" : 503.1154751777649,
              "p95" : 576.1012613773346
            },
            "sttMs" : {
              "max" : 1113.2079362869263,
              "min" : 960.6829881668091,