{
  "audioBytes" : 558044,
  "audioFile" : "2 fixtures",
  "commitSHA" : "97bc1452eb0dc283dd695f12c0f43b813668524a",
  "fixtureResults" : [
    {
      "audioBytes" : 130414,
      "audioFile" : "fixture-short.caf",
      "fixtureID" : "fixture-short",
      "levels" : [
        {
          "distributions" : {
            "encodeMs" : {
              "max" : 0,
              "min" : 0,
              "p50" : 0,
              "p95" : 0
            },
            "generationMs" : {
              "max" : 880.9150457382202,
              "min" : 537.3049974441528,
              "p50" : 573.9179849624634,
              "p95" : 836.3105535507201
            },
            "pasteMs" : {
              "max" : 0.10406970977783203,
              "min" : 0.06699562072753906,
              "p50" : 0.07849931716918945,
              "p95" : 0.10042190551757811
            },
            "rewriteMs" : {
              "max" : 0,
              "min" : 0,
              "p50" : 0,
              "p95" : 0
            },
            "sttMs" : {
              "max" : 880.9150457382202,
              "min" : 537.3049974441528,
              "p50" : 573.9179849624634,
              "p95" : 836.3105535507201
            },
            "totalStageMs" : {
              "max" : 880.993127822876,
              "min" : 537.3760461807251,
              "p50" : 573.9984512329102,
              "p95" : 836.3836467266082
            }
          },
          "iterations" : 10,
          "level" : "raw",
          "providers" : {
            "sttMode" : "batch",
            "sttObserved" : [
              {
                "count" : 10,
                "model" : "scribe_v2",
                "provider" : "ElevenLabs"
              }
            ]
          }
        },
        {
          "distributions" : {
            "encodeMs" : {
              "max" : 0,
              "min" : 0,
              "p50" : 0,
              "p95" : 0
            },
            "generationMs" : {
              "max" : 1106.9040298461914,
              "min" : 856.0880422592163,
              "p50" : 932.76447057724,
              "p95" : 1062.491261959076
            },
            "pasteMs" : {
              "max" : 0.17499923706054688,
              "min" : 0.028014183044433594,
              "p50" : 0.09554624557495117,
              "p95" : 0.1646459102630615
            },
            "rewriteMs" : {
              "max" : 423.47097396850586,
              "min" : 270.13397216796875,
              "p50" : 334.9804878234863,
              "p95" : 407.33491182327265
            },
            "sttMs" : {
              "max" : 834.1290950775146,
              "min" : 533.655047416687,
              "p50" : 584.1194987297058,
              "p95" : 736.6244137287138
            },
            "totalStageMs" : {
              "max" : 1106.9480180740356,
              "min" : 856.2250137329102,
              "p50" : 932.8969717025757,
              "p95" : 1062.5608921051025
            }
          },
          "iterations" : 10,
          "level" : "clean",
          "providers" : {
            "rewriteObserved" : [
              {
                "count" : 10,
                "model" : "google/gemini-2.5-flash-lite",
                "path" : "openrouter"
              }
            ],
            "sttMode" : "batch",
            "sttObserved" : [
              {
                "count" : 10,
                "model" : "scribe_v2",
                "provider" : "ElevenLabs"
              }
            ]
          }
        },
        {
          "distributions" : {
            "encodeMs" : {
              "max" : 0,
              "min" : 0,
              "p50" : 0,
              "p95" : 0
            },
            "generationMs" : {
              "max" : 1399.0240097045898,
              "min" : 890.8909559249878,
              "p50" : 995.0485825538635,
              "p95" : 1335.8426988124845
            },
            "pasteMs" : {
              "max" : 0.6461143493652344,
              "min" : 0.028014183044433594,
              "p50" : 0.0775456428527832,
              "p95" : 0.41882395744323675
            },
            "rewriteMs" : {
              "max" : 822.6640224456787,
              "min" : 320.3660249710083,
              "p50" : 395.9370255470276,
              "p95" : 748.77672791481
            },
            "sttMs" : {
              "max" : 776.4959335327148,
              "min" : 557.6961040496826,
              "p50" : 582.9650163650513,
              "p95" : 697.1407413482664
            },
            "totalStageMs" : {
              "max" : 1399.1109132766724,
              "min" : 890.9660577774048,
              "p50" : 995.0980544090271,
              "p95" : 1335.9264910221098
            }
          },
          "iterations" : 10,
          "level" : "polish",
          "providers" : {
            "rewriteObserved" : [
              {
                "count" : 10,
                "model" : "x-ai/grok-4.1-fast",
                "path" : "openrouter"
              }
            ],
            "sttMode" : "batch",
            "sttObserved" : [
              {
                "count" : 10,
                "model" : "scribe_v2",
                "provider" : "ElevenLabs"
              }
            ]
          }
        }
      ]
    },
    {
      "audioBytes" : 427630,
      "audioFile" : "fixture-medium.caf",
      "fixtureID" : "fixture-medium",
      "levels" : [
        {
          "distributions" : {
            "encodeMs" : {
              "max" : 57.7549934387207,
              "min" : 17.34793186187744,
              "p50" : 34.03198719024658,
              "p95" : 54.02629375457763
            },
            "generationMs" : {
              "max" : 1507.5429677963257,
              "min" : 977.8120517730713,
              "p50" : 1046.2329387664795,
              "p95" : 1384.2919766902921
            },
            "pasteMs" : {
              "max" : 0.2510547637939453,
              "min" : 0.028967857360839844,
              "p50" : 0.07849931716918945,
              "p95" : 0.20105838775634755
            },
            "rewriteMs" : {
              "max" : 0,
              "min" : 0,
              "p50" : 0,
              "p95" : 0
            },
            "sttMs" : {
              "max" : 1458.0739736557007,
              "min" : 936.3609552383423,
              "p50" : 1021.4020013809204,
              "p95" : 1340.2954399585722
            },
            "totalStageMs" : {
              "max" : 1507.6498985290527,
              "min" : 977.8909683227539,
              "p50" : 1046.3173985481262,
              "p95" : 1384.384101629257
            }
          },
          "iterations" : 10,
          "level" : "raw",
          "providers" : {
            "sttMode" : "batch",
            "sttObserved" : [
              {
                "count" : 10,
                "model" : "scribe_v2",
                "provider" : "ElevenLabs"
              }
            ]
          }
        },
        {
          "distributions" : {
            "encodeMs" : {
              "max" : 52.802085876464844,
              "min" : 17.153024673461914,
              "p50" : 41.17196798324585,
              "p95" : 52.1265983581543
            },
            "generationMs" : {
              "max" : 1639.2240524291992,
              "min" : 1333.8919878005981,
              "p50" : 1501.8555521965027,
              "p95" : 1638.0549311637878
            },
            "pasteMs" : {
              "max" : 0.14197826385498047,
              "min" : 0.025033950805664062,
              "p50" : 0.08052587509155273,
              "p95" : 0.1414954662322998
            },
            "rewriteMs" : {
              "max" : 558.5271120071411,
              "min" : 344.3950414657593,
              "p50" : 447.2675323486328,
              "p95" : 528.8779199123381
            },
            "sttMs" : {
              "max" : 1107.161045074463,
              "min" : 958.901047706604,