{
  "audioBytes" : 558044,
  "audioFile" : "2 fixtures",
  "commitSHA" : "a2577e7d03a9390c14cd152dd9e29cb78bd04373",
  "fixtureResults" : [
    {
      "audioBytes" : 130414,
      "audioFile" : "fixture-short.caf",
      "fixtureID" : "fixture-short",
      "levels" : [
        {
          "distributions" : {
            "encodeMs" : {
              "max" : 0,
              "min" : 0,
              "p50" : 0,
              "p95" : 0
            },
            "generationMs" : {
              "max" : 992.3039674758911,
              "min" : 591.6900634765625,
              "p50" : 613.6865019798279,
              "p95" : 952.9978036880492
            },
            "pasteMs" : {
              "max" : 0.29599666595458984,
              "min" : 0.010967254638671875,
              "p50" : 0.01806020736694336,
              "p95" : 0.22041201591491683
            },
            "rewriteMs" : {
              "max" : 0,
              "min" : 0,
              "p50" : 0,
              "p95" : 0
            },
            "sttMs" : {
              "max" : 992.3039674758911,
              "min" : 591.6900634765625,
              "p50" : 613.6865019798279,
              "p95" : 952.9978036880492
            },
            "totalStageMs" : {
              "max" : 992.4319982528687,
              "min" : 591.7050838470459,
              "p50" : 613.8420104980469,
              "p95" : 953.0961155891417
            }
          },
          "iterations" : 10,
          "level" : "raw",
          "providers" : {
            "sttMode" : "batch",
            "sttObserved" : [
              {
                "count" : 10,
                "model" : "scribe_v2",
                "provider" : "ElevenLabs"
              }
            ]
          }
        },
        {
          "distributions" : {
            "encodeMs" : {
              "max" : 0,
              "min" : 0,
              "p50" : 0,
              "p95" : 0
            },
            "generationMs" : {
              "max" : 1774.2829322814941,
              "min" : 977.3590564727783,
              "p50" : 1104.492962360382,
              "p95" : 1695.4294204711912
            },
            "pasteMs" : {
              "max" : 0.14293193817138672,
              "min" : 0.03790855407714844,
              "p50" : 0.07301568984985352,
              "p95" : 0.12404918670654293
            },
            "rewriteMs" : {
              "max" : 996.1049556732178,
              "min" : 354.40194606781006,
              "p50" : 457.87596702575684,
              "p95" : 967.9534018039702
            },
            "sttMs" : {
              "max" : 852.6250123977661,
              "min" : 590.9460783004761,
              "p50" : 619.9550032615662,
              "p95" : 796.7129707336425
            },
            "totalStageMs" : {
              "max" : 1774.3569612503052,
              "min" : 977.4600267410278,
              "p50" : 1104.548454284668,
              "p95" : 1695.4953491687772
            }
          },
          "iterations" : 10,
          "level" : "clean",
          "providers" : {
            "rewriteObserved" : [
              {
                "count" : 10,
                "model" : "google/gemini-2.5-flash-lite",
                "path" : "openrouter"
              }
            ],
            "sttMode" : "batch",
            "sttObserved" : [
              {
                "count" : 10,
                "model" : "scribe_v2",
                "provider" : "ElevenLabs"
              }
            ]
          }
        },
        {
          "distributions" : {
            "encodeMs" : {
              "max" : 0,
              "min" : 0,
              "p50" : 0,
              "p95" : 0
            },
            "generationMs" : {
              "max" : 1282.5089693069458,
              "min" : 976.9290685653687,
              "p50" : 1055.2910566329956,
              "p95" : 1255.0094604492188
            },
            "pasteMs" : {
              "max" : 0.12099742889404297,
              "min" : 0.029921531677246094,
              "p50" : 0.07295608520507812,
              "p95" : 0.11917352676391602
            },
            "rewriteMs" : {
              "max" : 618.3990240097046,
              "min" : 362.37800121307373,
              "p50" : 407.49800205230713,
              "p95" : 615.3435051441193
            },
            "sttMs" : {
              "max" : 717.4170017242432,
              "min" : 588.312029838562,
              "p50" : 621.4590072631836,
              "p95" : 716.1705255508423
            },
            "totalStageMs" : {
              "max" : 1282.5969457626343,
              "min" : 977.046012878418,
              "p50" : 1055.3640127182007,
              "p95" : 1255.0875127315521
            }
          },
          "iterations" : 10,
          "level" : "polish",
          "providers" : {
            "rewriteObserved" : [
              {
                "count" : 10,
                "model" : "x-ai/grok-4.1-fast",
                "path" : "openrouter"
              }
            ],
            "sttMode" : "batch",
            "sttObserved" : [
              {
                "count" : 10,
                "model" : "scribe_v2",
                "provider" : "ElevenLabs"
              }
            ]
          }
        }
      ]
    },
    {
      "audioBytes" : 427630,
      "audioFile" : "fixture-medium.caf",
      "fixtureID" : "fixture-medium",
      "levels" : [
        {
          "distributions" : {
            "encodeMs" : {
              "max" : 71.02394104003906,
              "min" : 19.9509859085083,
              "p50" : 33.94550085067749,
              "p95" : 61.04521155357359
            },
            "generationMs" : {
              "max" : 2316.735029220581,
              "min" : 1066.2120580673218,
              "p50" : 1211.8399739265442,
              "p95" : 1921.7488527297965
            },
            "pasteMs" : {
              "max" : 1.9350051879882812,
              "min" : 0.016927719116210938,
              "p50" : 0.12999773025512695,
              "p95" : 1.2433171272277814
            },
            "rewriteMs" : {
              "max" : 0,
              "min" : 0,
              "p50" : 0,
              "p95" : 0
            },
            "sttMs" : {
              "max" : 2288.8320684432983,
              "min" : 1017.3630714416504,
              "p50" : 1166.3525104522705,
              "p95" : 1891.2849187850943
            },
            "totalStageMs" : {
              "max" : 2317.0571327209473,
              "min" : 1066.3920640945435,
              "p50" : 1212.0484113693237,
              "p95" : 1921.9336271286002
            }
          },
          "iterations" : 10,
          "level" : "raw",
          "providers" : {
            "sttMode" : "batch",
            "sttObserved" : [
              {
                "count" : 10,
                "model" : "scribe_v2",
                "provider" : "ElevenLabs"
              }
            ]
          }
        },
        {
          "distributions" : {
            "encodeMs" : {
              "max" : 66.66195392608643,
              "min" : 31.51094913482666,
              "p50" : 42.583465576171875,
              "p95" : 64.69053030014038
            },
            "generationMs" : {
              "max" : 1973.3319282531738,
              "min" : 1550.624966621399,
              "p50" : 1672.5420951843262,
              "p95" : 1933.2167029380798
            },
            "pasteMs" : {
              "max" : 0.7230043411254883,
              "min" : 0.030994415283203125,
              "p50" : 0.0680088996887207,
              "p95" : 0.5893230438232419
            },
            "rewriteMs" : {
              "max" : 616.9440746307373,
              "min" : 326.46000385284424,
              "p50" : 450.0635266304016,
              "p95" : 577.4727404117583
            },
            "sttMs" : {
              "max" : 1480.8239936828613,
              "min" : 1063.2779598236084,