{
  "audioBytes" : 558044,
  "audioFile" : "2 fixtures",
  "commitSHA" : "b92e9de761ce0c2142c744bc2834d5f1100a4bef",
  "fixtureResults" : [
    {
      "audioBytes" : 130414,
      "audioFile" : "fixture-short.caf",
      "fixtureID" : "fixture-short",
      "levels" : [
        {
          "distributions" : {
            "encodeMs" : {
              "max" : 0,
              "min" : 0,
              "p50" : 0,
              "p95" : 0
            },
            "generationMs" : {
              "max" : 623.8119602203369,
              "min" : 573.7819671630859,
              "p50" : 595.6025719642639,
              "p95" : 620.715081691742
            },
            "pasteMs" : {
              "max" : 0.4769563674926758,
              "min" : 0.012993812561035156,
              "p50" : 0.04100799560546875,
              "p95" : 0.3419876098632809
            },
            "rewriteMs" : {
              "max" : 0,
              "min" : 0,
              "p50" : 0,
              "p95" : 0
            },
            "sttMs" : {
              "max" : 623.8119602203369,
              "min" : 573.7819671630859,
              "p50" : 595.6025719642639,
              "p95" : 620.715081691742
            },
            "totalStageMs" : {
              "max" : 623.8269805908203,
              "min" : 573.8109350204468,
              "p50" : 595.6881046295166,
              "p95" : 620.9379732608795
            }
          },
          "iterations" : 10,
          "level" : "raw",
          "providers" : {
            "sttMode" : "batch",
            "sttObserved" : [
              {
                "count" : 10,
                "model" : "scribe_v2",
                "provider" : "ElevenLabs"
              }
            ]
          }
        },
        {
          "distributions" : {
            "encodeMs" : {
              "max" : 0,
              "min" : 0,
              "p50" : 0,
              "p95" : 0
            },
            "generationMs" : {
              "max" : 1605.0950288772583,
              "min" : 899.3840217590332,
              "p50" : 997.8858828544617,
              "p95" : 1590.1698768138885
            },
            "pasteMs" : {
              "max" : 5.918025970458984,
              "min" : 0.028967857360839844,
              "p50" : 0.0890493392944336,
              "p95" : 3.752142190933222
            },
            "rewriteMs" : {
              "max" : 1016.5749788284302,
              "min" : 323.31299781799316,
              "p50" : 416.949987411499,
              "p95" : 847.9807078838344
            },
            "sttMs" : {
              "max" : 1143.76699924469,
              "min" : 540.0309562683105,
              "p50" : 592.0479893684387,
              "p95" : 949.7535407543178
            },
            "totalStageMs" : {
              "max" : 1611.0130548477173,
              "min" : 899.4200229644775,
              "p50" : 997.9353547096252,
              "p95" : 1593.461698293686
            }
          },
          "iterations" : 10,
          "level" : "clean",
          "providers" : {
            "rewriteObserved" : [
              {
                "count" : 10,
                "model" : "google/gemini-2.5-flash-lite",
                "path" : "openrouter"
              }
            ],
            "sttMode" : "batch",
            "sttObserved" : [
              {
                "count" : 10,
                "model" : "scribe_v2",
                "provider" : "ElevenLabs"
              }
            ]
          }
        },
        {
          "distributions" : {
            "encodeMs" : {
              "max" : 0,
              "min" : 0,
              "p50" : 0,
              "p95" : 0
            },
            "generationMs" : {
              "max" : 2273.247003555298,
              "min" : 1137.0660066604614,
              "p50" : 1294.6074604988098,
              "p95" : 1919.4858431816092
            },
            "pasteMs" : {
              "max" : 1.201033592224121,
              "min" : 0.02300739288330078,
              "p50" : 0.08600950241088867,
              "p95" : 1.0327517986297603
            },
            "rewriteMs" : {
              "max" : 1379.0290355682373,
              "min" : 563.5919570922852,
              "p50" : 660.9879732131958,
              "p95" : 1141.604077816009
            },
            "sttMs" : {
              "max" : 894.2179679870605,
              "min" : 549.347996711731,
              "p50" : 612.6790642738342,
              "p95" : 801.8905937671659
            },
            "totalStageMs" : {
              "max" : 2273.2759714126587,
              "min" : 1138.2670402526855,
              "p50" : 1294.6990132331848,
              "p95" : 1919.51481103897
            }
          },
          "iterations" : 10,
          "level" : "polish",
          "providers" : {
            "rewriteObserved" : [
              {
                "count" : 10,
                "model" : "x-ai/grok-4.1-fast",
                "path" : "openrouter"
              }
            ],
            "sttMode" : "batch",
            "sttObserved" : [
              {
                "count" : 10,
                "model" : "scribe_v2",
                "provider" : "ElevenLabs"
              }
            ]
          }
        }
      ]
    },
    {
      "audioBytes" : 427630,
      "audioFile" : "fixture-medium.caf",
      "fixtureID" : "fixture-medium",
      "levels" : [
        {
          "distributions" : {
            "encodeMs" : {
              "max" : 46.82302474975586,
              "min" : 22.817015647888184,
              "p50" : 28.506457805633545,
              "p95" : 46.39907479286194
            },
            "generationMs" : {
              "max" : 1488.2159233093262,
              "min" : 1050.0229597091675,
              "p50" : 1149.1464972496033,
              "p95" : 1433.1674993038175
            },
            "pasteMs" : {
              "max" : 1.1299848556518555,
              "min" : 0.010013580322265625,
              "p50" : 0.02396106719970703,
              "p95" : 0.8330106735229486
            },
            "rewriteMs" : {
              "max" : 0,
              "min" : 0,
              "p50" : 0,
              "p95" : 0
            },
            "sttMs" : {
              "max" : 1458.6989879608154,
              "min" : 1023.4410762786865,
              "p50" : 1124.525010585785,
              "p95" : 1404.5599937438963
            },
            "totalStageMs" : {
              "max" : 1488.257884979248,
              "min" : 1050.1079559326172,
              "p50" : 1149.169921875,
              "p95" : 1433.402097225189
            }
          },
          "iterations" : 10,
          "level" : "raw",
          "providers" : {
            "sttMode" : "batch",
            "sttObserved" : [
              {
                "count" : 10,
                "model" : "scribe_v2",
                "provider" : "ElevenLabs"
              }
            ]
          }
        },
        {
          "distributions" : {
            "encodeMs" : {
              "max" : 60.79506874084473,
              "min" : 27.00495719909668,
              "p50" : 34.21753644943237,
              "p95" : 52.4281859397888
            },
            "generationMs" : {
              "max" : 1973.8481044769287,
              "min" : 1453.997015953064,
              "p50" : 1558.3570003509521,
              "p95" : 1886.5656971931455
            },
            "pasteMs" : {
              "max" : 0.09298324584960938,
              "min" : 0.027060508728027344,
              "p50" : 0.043451786041259766,
              "p95" : 0.08987188339233397
            },
            "rewriteMs" : {
              "max" : 725.7020473480225,
              "min" : 315.2589797973633,
              "p50" : 430.0730228424072,
              "p95" : 703.5813868045807
            },
            "sttMs" : {
              "max" : 1368.9229488372803,
              "min" : 969.3819284439087,