{
  "audioBytes" : 558044,
  "audioFile" : "2 fixtures",
  "commitSHA" : "d2fba4a68bf613837e823bdb2fd70cd976fca677",
  "fixtureResults" : [
    {
      "audioBytes" : 130414,
      "audioFile" : "fixture-short.caf",
      "fixtureID" : "fixture-short",
      "levels" : [
        {
          "distributions" : {
            "encodeMs" : {
              "max" : 0,
              "min" : 0,
              "p50" : 0,
              "p95" : 0
            },
            "generationMs" : {
              "max" : 1495.682954788208,
              "min" : 503.48198413848877,
              "p50" : 591.7345285415649,
              "p95" : 1223.7533628940575
            },
            "pasteMs" : {
              "max" : 0.13506412506103516,
              "min" : 0.012993812561035156,
              "p50" : 0.02199411392211914,
              "p95" : 0.09585022926330558
            },
            "rewriteMs" : {
              "max" : 0,
              "min" : 0,
              "p50" : 0,
              "p95" : 0
            },
            "sttMs" : {
              "max" : 1495.682954788208,
              "min" : 503.48198413848877,
              "p50" : 591.7345285415649,
              "p95" : 1223.7533628940575
            },
            "totalStageMs" : {
              "max" : 1495.7149028778076,
              "min" : 503.51595878601074,
              "p50" : 591.809093952179,
              "p95" : 1223.7776935100549
            }
          },
          "iterations" : 10,
          "level" : "raw",
          "providers" : {
            "sttMode" : "batch",
            "sttObserved" : [
              {
                "count" : 10,
                "model" : "scribe_v2",
                "provider" : "ElevenLabs"
              }
            ]
          }
        },
        {
          "distributions" : {
            "encodeMs" : {
              "max" : 0,
              "min" : 0,
              "p50" : 0,
              "p95" : 0
            },
            "generationMs" : {
              "max" : 2410.27295589447,
              "min" : 845.431923866272,
              "p50" : 1005.7734847068787,
              "p95" : 1880.7008802890764
            },
            "pasteMs" : {
              "max" : 0.3120899200439453,
              "min" : 0.033974647521972656,
              "p50" : 0.04947185516357422,
              "p95" : 0.21172165870666482
            },
            "rewriteMs" : {
              "max" : 655.4330587387085,
              "min" : 294.88301277160645,
              "p50" : 380.9800148010254,
              "p95" : 589.9085164070128
            },
            "sttMs" : {
              "max" : 1902.1409749984741,
              "min" : 550.5489110946655,
              "p50" : 638.0504965782166,
              "p95" : 1389.4087731838213
            },
            "totalStageMs" : {
              "max" : 2410.310983657837,
              "min" : 845.4838991165161,
              "p50" : 1005.8090090751648,
              "p95" : 1880.7429313659654
            }
          },
          "iterations" : 10,
          "level" : "clean",
          "providers" : {
            "rewriteObserved" : [
              {
                "count" : 10,
                "model" : "google/gemini-2.5-flash-lite",
                "path" : "openrouter"
              }
            ],
            "sttMode" : "batch",
            "sttObserved" : [
              {
                "count" : 10,
                "model" : "scribe_v2",
                "provider" : "ElevenLabs"
              }
            ]
          }
        },
        {
          "distributions" : {
            "encodeMs" : {
              "max" : 0,
              "min" : 0,
              "p50" : 0,
              "p95" : 0
            },
            "generationMs" : {
              "max" : 1490.123987197876,
              "min" : 923.7170219421387,
              "p50" : 1106.3165068626404,
              "p95" : 1454.4844567775726
            },
            "pasteMs" : {
              "max" : 0.12505054473876953,
              "min" : 0.06091594696044922,
              "p50" : 0.10097026824951172,
              "p95" : 0.11695027351379393
            },
            "rewriteMs" : {
              "max" : 581.5229415893555,
              "min" : 323.73297214508057,
              "p50" : 408.66249799728394,
              "p95" : 574.4890093803406
            },
            "sttMs" : {
              "max" : 1118.4710264205933,
              "min" : 542.6959991455078,
              "p50" : 580.0755620002747,
              "p95" : 1090.939599275589
            },
            "totalStageMs" : {
              "max" : 1490.2490377426147,
              "min" : 923.7910509109497,
              "p50" : 1106.4209938049316,
              "p95" : 1454.5991003513336
            }
          },
          "iterations" : 10,
          "level" : "polish",
          "providers" : {
            "rewriteObserved" : [
              {
                "count" : 10,
                "model" : "x-ai/grok-4.1-fast",
                "path" : "openrouter"
              }
            ],
            "sttMode" : "batch",
            "sttObserved" : [
              {
                "count" : 10,
                "model" : "scribe_v2",
                "provider" : "ElevenLabs"
              }
            ]
          }
        }
      ]
    },
    {
      "audioBytes" : 427630,
      "audioFile" : "fixture-medium.caf",
      "fixtureID" : "fixture-medium",
      "levels" : [
        {
          "distributions" : {
            "encodeMs" : {
              "max" : 36.032915115356445,
              "min" : 17.93503761291504,
              "p50" : 24.838030338287354,
              "p95" : 32.940113544464104
            },
            "generationMs" : {
              "max" : 1231.0110330581665,
              "min" : 991.1329746246338,
              "p50" : 1097.9360342025757,
              "p95" : 1203.6973476409912
            },
            "pasteMs" : {
              "max" : 0.6279945373535156,
              "min" : 0.013947486877441406,
              "p50" : 0.05155801773071289,
              "p95" : 0.40343999862670843
            },
            "rewriteMs" : {
              "max" : 0,
              "min" : 0,
              "p50" : 0,
              "p95" : 0
            },
            "sttMs" : {
              "max" : 1201.8510103225708,
              "min" : 970.2119827270508,
              "p50" : 1078.9244771003723,
              "p95" : 1175.6254434585571
            },
            "totalStageMs" : {
              "max" : 1231.63902759552,
              "min" : 991.1519289016724,
              "p50" : 1097.9670882225037,
              "p95" : 1204.073804616928
            }
          },
          "iterations" : 10,
          "level" : "raw",
          "providers" : {
            "sttMode" : "batch",
            "sttObserved" : [
              {
                "count" : 10,
                "model" : "scribe_v2",
                "provider" : "ElevenLabs"
              }
            ]
          }
        },
        {
          "distributions" : {
            "encodeMs" : {
              "max" : 38.474082946777344,
              "min" : 18.610000610351562,
              "p50" : 32.2679877281189,
              "p95" : 38.187891244888306
            },
            "generationMs" : {
              "max" : 1720.582127571106,
              "min" : 1466.70401096344,
              "p50" : 1576.3115286827087,
              "p95" : 1714.4665837287903
            },
            "pasteMs" : {
              "max" : 0.26404857635498047,
              "min" : 0.054001808166503906,
              "p50" : 0.10251998901367188,
              "p95" : 0.21045804023742665
            },
            "rewriteMs" : {
              "max" : 611.4199161529541,
              "min" : 354.92992401123047,
              "p50" : 441.2184953689575,
              "p95" : 602.9937028884888
            },
            "sttMs" : {
              "max" : 1191.8690204620361,