{
  "audioBytes" : 558044,
  "audioFile" : "2 fixtures",
  "commitSHA" : "d71a8e80a4e81ac5c53ba6c3e95e154b56179e4b",
  "fixtureResults" : [
    {
      "audioBytes" : 130414,
      "audioFile" : "fixture-short.caf",
      "fixtureID" : "fixture-short",
      "levels" : [
        {
          "distributions" : {
            "encodeMs" : {
              "max" : 0,
              "min" : 0,
              "p50" : 0,
              "p95" : 0
            },
            "generationMs" : {
              "max" : 678.068995475769,
              "min" : 571.8539953231812,
              "p50" : 603.4725308418274,
              "p95" : 658.907562494278
            },
            "pasteMs" : {
              "max" : 0.09107589721679688,
              "min" : 0.010013580322265625,
              "p50" : 0.025033950805664062,
              "p95" : 0.07621645927429196
            },
            "rewriteMs" : {
              "max" : 0,
              "min" : 0,
              "p50" : 0,
              "p95" : 0
            },
            "sttMs" : {
              "max" : 678.068995475769,
              "min" : 571.8539953231812,
              "p50" : 603.4725308418274,
              "p95" : 658.907562494278
            },
            "totalStageMs" : {
              "max" : 678.0970096588135,
              "min" : 571.945071220398,
              "p50" : 603.5149693489075,
              "p95" : 658.9297294616699
            }
          },
          "iterations" : 10,
          "level" : "raw",
          "providers" : {
            "sttMode" : "batch",
            "sttObserved" : [
              {
                "count" : 10,
                "model" : "scribe_v2",
                "provider" : "ElevenLabs"
              }
            ]
          }
        },
        {
          "distributions" : {
            "encodeMs" : {
              "max" : 0,
              "min" : 0,
              "p50" : 0,
              "p95" : 0
            },
            "generationMs" : {
              "max" : 2539.823889732361,
              "min" : 1118.1960105895996,
              "p50" : 1336.8254899978638,
              "p95" : 2502.333527803421
            },
            "pasteMs" : {
              "max" : 0.13494491577148438,
              "min" : 0.03600120544433594,
              "p50" : 0.07343292236328125,
              "p95" : 0.11246800422668451
            },
            "rewriteMs" : {
              "max" : 1892.8459882736206,
              "min" : 497.8979825973511,
              "p50" : 727.5440096855164,
              "p95" : 1886.71156167984
            },
            "sttMs" : {
              "max" : 740.5390739440918,
              "min" : 563.6659860610962,
              "p50" : 610.9780073165894,
              "p95" : 716.7056620121002
            },
            "totalStageMs" : {
              "max" : 2539.8977994918823,
              "min" : 1118.232011795044,
              "p50" : 1336.900532245636,
              "p95" : 2502.407920360565
            }
          },
          "iterations" : 10,
          "level" : "clean",
          "providers" : {
            "rewriteObserved" : [
              {
                "count" : 10,
                "model" : "google/gemini-2.5-flash-lite",
                "path" : "openrouter"
              }
            ],
            "sttMode" : "batch",
            "sttObserved" : [
              {
                "count" : 10,
                "model" : "scribe_v2",
                "provider" : "ElevenLabs"
              }
            ]
          }
        },
        {
          "distributions" : {
            "encodeMs" : {
              "max" : 0,
              "min" : 0,
              "p50" : 0,
              "p95" : 0
            },
            "generationMs" : {
              "max" : 4054.6460151672363,
              "min" : 1073.632001876831,
              "p50" : 1818.922519683838,
              "p95" : 3732.8343093395224
            },
            "pasteMs" : {
              "max" : 2.3500919342041016,
              "min" : 0.029921531677246094,
              "p50" : 0.05549192428588867,
              "p95" : 2.0683526992797843
            },
            "rewriteMs" : {
              "max" : 3498.839020729065,
              "min" : 502.20394134521484,
              "p50" : 1195.5965161323547,
              "p95" : 3164.9736285209647
            },
            "sttMs" : {
              "max" : 704.2191028594971,
              "min" : 554.8070669174194,
              "p50" : 577.0105123519897,
              "p95" : 693.404221534729
            },
            "totalStageMs" : {
              "max" : 4054.700016975403,
              "min" : 1073.6759901046753,
              "p50" : 1820.1125264167786,
              "p95" : 3732.8896522521964
            }
          },
          "iterations" : 10,
          "level" : "polish",
          "providers" : {
            "rewriteObserved" : [
              {
                "count" : 10,
                "model" : "google/gemini-2.5-flash-lite",
                "path" : "openrouter"
              }
            ],
            "sttMode" : "batch",
            "sttObserved" : [
              {
                "count" : 10,
                "model" : "scribe_v2",
                "provider" : "ElevenLabs"
              }
            ]
          }
        }
      ]
    },
    {
      "audioBytes" : 427630,
      "audioFile" : "fixture-medium.caf",
      "fixtureID" : "fixture-medium",
      "levels" : [
        {
          "distributions" : {
            "encodeMs" : {
              "max" : 54.54099178314209,
              "min" : 28.047919273376465,
              "p50" : 37.19443082809448,
              "p95" : 48.433601856231675
            },
            "generationMs" : {
              "max" : 1586.2300395965576,
              "min" : 1020.3520059585571,
              "p50" : 1183.4619045257568,
              "p95" : 1483.3091735839841
            },
            "pasteMs" : {
              "max" : 0.44989585876464844,
              "min" : 0.012040138244628906,
              "p50" : 0.060498714447021484,
              "p95" : 0.37162899971008284
            },
            "rewriteMs" : {
              "max" : 0,
              "min" : 0,
              "p50" : 0,
              "p95" : 0
            },
            "sttMs" : {
              "max" : 1546.5819835662842,
              "min" : 985.5489730834961,
              "p50" : 1150.2689719200134,
              "p95" : 1444.75422501564
            },
            "totalStageMs" : {
              "max" : 1586.298942565918,
              "min" : 1020.3690528869629,
              "p50" : 1183.5703253746033,
              "p95" : 1483.3705127239225
            }
          },
          "iterations" : 10,
          "level" : "raw",
          "providers" : {
            "sttMode" : "batch",
            "sttObserved" : [
              {
                "count" : 10,
                "model" : "scribe_v2",
                "provider" : "ElevenLabs"
              }
            ]
          }
        },
        {
          "distributions" : {
            "encodeMs" : {
              "max" : 60.070037841796875,
              "min" : 26.546001434326172,
              "p50" : 38.15102577209473,
              "p95" : 55.290126800537095
            },
            "generationMs" : {
              "max" : 5697.893023490906,
              "min" : 1546.5120077133179,
              "p50" : 1989.071547985077,
              "p95" : 4433.380389213559
            },
            "pasteMs" : {
              "max" : 2.5649070739746094,
              "min" : 0.05507469177246094,
              "p50" : 0.08046627044677734,
              "p95" : 2.2972226142883296
            },
            "rewriteMs" : {
              "max" : 4226.034998893738,
              "min" : 497.9100227355957,
              "p50" : 911.6480350494385,
              "p95" : 3134.4227075576755
            },
            "sttMs" : {
              "max" : 1428.2100200653076,
              "min" : 1015.3000354766846,