{
  "audioBytes" : 558044,
  "audioFile" : "2 fixtures",
  "commitSHA" : "eb294fd0edf78471ae428d7ed6e4b15dd9b4e372",
  "fixtureResults" : [
    {
      "audioBytes" : 130414,
      "audioFile" : "fixture-short.caf",
      "fixtureID" : "fixture-short",
      "levels" : [
        {
          "distributions" : {
            "encodeMs" : {
              "max" : 0,
              "min" : 0,
              "p50" : 0,
              "p95" : 0
            },
            "generationMs" : {
              "max" : 911.6330146789551,
              "min" : 556.988000869751,
              "p50" : 587.3805284500122,
              "p95" : 822.5487530231474
            },
            "pasteMs" : {
              "max" : 0.11098384857177734,
              "min" : 0.009059906005859375,
              "p50" : 0.03594160079956055,
              "p95" : 0.11055469512939453
            },
            "rewriteMs" : {
              "max" : 0,
              "min" : 0,
              "p50" : 0,
              "p95" : 0
            },
            "sttMs" : {
              "max" : 911.6330146789551,
              "min" : 556.988000869751,
              "p50" : 587.3805284500122,
              "p95" : 822.5487530231474
            },
            "totalStageMs" : {
              "max" : 911.6420745849609,
              "min" : 557.0119619369507,
              "p50" : 587.4184966087341,
              "p95" : 822.5753009319303
            }
          },
          "iterations" : 10,
          "level" : "raw",
          "providers" : {
            "sttMode" : "batch",
            "sttObserved" : [
              {
                "count" : 10,
                "model" : "scribe_v2",
                "provider" : "ElevenLabs"
              }
            ]
          }
        },
        {
          "distributions" : {
            "encodeMs" : {
              "max" : 0,
              "min" : 0,
              "p50" : 0,
              "p95" : 0
            },
            "generationMs" : {
              "max" : 1260.1269483566284,
              "min" : 897.1790075302124,
              "p50" : 947.92640209198,
              "p95" : 1170.857775211334
            },
            "pasteMs" : {
              "max" : 0.10502338409423828,
              "min" : 0.02193450927734375,
              "p50" : 0.03898143768310547,
              "p95" : 0.10094642639160155
            },
            "rewriteMs" : {
              "max" : 683.7719678878784,
              "min" : 319.83399391174316,
              "p50" : 371.49447202682495,
              "p95" : 591.4040923118589
            },
            "sttMs" : {
              "max" : 601.7969846725464,
              "min" : 555.8110475540161,
              "p50" : 574.9084949493408,
              "p95" : 601.1318504810333
            },
            "totalStageMs" : {
              "max" : 1260.2319717407227,
              "min" : 897.2330093383789,
              "p50" : 948.0053782463074,
              "p95" : 1170.9380149841306
            }
          },
          "iterations" : 10,
          "level" : "clean",
          "providers" : {
            "rewriteObserved" : [
              {
                "count" : 10,
                "model" : "google/gemini-2.5-flash-lite",
                "path" : "openrouter"
              }
            ],
            "sttMode" : "batch",
            "sttObserved" : [
              {
                "count" : 10,
                "model" : "scribe_v2",
                "provider" : "ElevenLabs"
              }
            ]
          }
        },
        {
          "distributions" : {
            "encodeMs" : {
              "max" : 0,
              "min" : 0,
              "p50" : 0,
              "p95" : 0
            },
            "generationMs" : {
              "max" : 1381.9869756698608,
              "min" : 952.6150226593018,
              "p50" : 1070.2524781227112,
              "p95" : 1349.5213031768799
            },
            "pasteMs" : {
              "max" : 0.10693073272705078,
              "min" : 0.024080276489257812,
              "p50" : 0.06198883056640625,
              "p95" : 0.10381937026977538
            },
            "rewriteMs" : {
              "max" : 812.8460645675659,
              "min" : 358.0610752105713,
              "p50" : 487.87301778793335,
              "p95" : 774.7603058815001
            },
            "sttMs" : {
              "max" : 616.2010431289673,
              "min" : 549.638032913208,
              "p50" : 584.1864943504333,
              "p95" : 613.4285509586334
            },
            "totalStageMs" : {
              "max" : 1382.0539712905884,
              "min" : 952.7100324630737,
              "p50" : 1070.3334212303162,
              "p95" : 1349.569845199585
            }
          },
          "iterations" : 10,
          "level" : "polish",
          "providers" : {
            "rewriteObserved" : [
              {
                "count" : 10,
                "model" : "x-ai/grok-4.1-fast",
                "path" : "openrouter"
              }
            ],
            "sttMode" : "batch",
            "sttObserved" : [
              {
                "count" : 10,
                "model" : "scribe_v2",
                "provider" : "ElevenLabs"
              }
            ]
          }
        }
      ]
    },
    {
      "audioBytes" : 427630,
      "audioFile" : "fixture-medium.caf",
      "fixtureID" : "fixture-medium",
      "levels" : [
        {
          "distributions" : {
            "encodeMs" : {
              "max" : 29.693961143493652,
              "min" : 16.30401611328125,
              "p50" : 18.91946792602539,
              "p95" : 28.47446799278259
            },
            "generationMs" : {
              "max" : 1250.203013420105,
              "min" : 982.712984085083,
              "p50" : 1071.4724659919739,
              "p95" : 1204.4375538825989
            },
            "pasteMs" : {
              "max" : 0.11396408081054688,
              "min" : 0.015020370483398438,
              "p50" : 0.041961669921875,
              "p95" : 0.10902881622314452
            },
            "rewriteMs" : {
              "max" : 0,
              "min" : 0,
              "p50" : 0,
              "p95" : 0
            },
            "sttMs" : {
              "max" : 1227.921962738037,
              "min" : 965.8160209655762,
              "p50" : 1053.2965064048767,
              "p95" : 1184.846168756485
            },
            "totalStageMs" : {
              "max" : 1250.3169775009155,
              "min" : 982.7280044555664,
              "p50" : 1071.5344548225403,
              "p95" : 1204.5195996761322
            }
          },
          "iterations" : 10,
          "level" : "raw",
          "providers" : {
            "sttMode" : "batch",
            "sttObserved" : [
              {
                "count" : 10,
                "model" : "scribe_v2",
                "provider" : "ElevenLabs"
              }
            ]
          }
        },
        {
          "distributions" : {
            "encodeMs" : {
              "max" : 32.922983169555664,
              "min" : 16.3729190826416,
              "p50" : 18.734991550445557,
              "p95" : 32.42618441581726
            },
            "generationMs" : {
              "max" : 2578.553080558777,
              "min" : 1350.5278825759888,
              "p50" : 1515.0465369224548,
              "p95" : 2250.4381835460654
            },
            "pasteMs" : {
              "max" : 0.3069639205932617,
              "min" : 0.025987625122070312,
              "p50" : 0.05751848220825195,
              "p95" : 0.21517872810363747
            },
            "rewriteMs" : {
              "max" : 712.9319906234741,
              "min" : 343.1349992752075,
              "p50" : 437.75999546051025,
              "p95" : 610.2838516235349
            },
            "sttMs" : {
              "max" : 2212.0020389556885,
              "min" : 938.106894493103,