{
  "audioBytes" : 558044,
  "audioFile" : "2 fixtures",
  "commitSHA" : "f00a67b56b12ad38fc4756f417e1137ef6ed45c3",
  "fixtureResults" : [
    {
      "audioBytes" : 130414,
      "audioFile" : "fixture-short.caf",
      "fixtureID" : "fixture-short",
      "levels" : [
        {
          "distributions" : {
            "encodeMs" : {
              "max" : 0,
              "min" : 0,
              "p50" : 0,
              "p95" : 0
            },
            "generationMs" : {
              "max" : 989.7760152816772,
              "min" : 562.5909566879272,
              "p50" : 594.26349401474,
              "p95" : 819.8461115360255
            },
            "pasteMs" : {
              "max" : 0.13697147369384766,
              "min" : 0.008940696716308594,
              "p50" : 0.022470951080322266,
              "p95" : 0.11583566665649409
            },
            "rewriteMs" : {
              "max" : 0,
              "min" : 0,
              "p50" : 0,
              "p95" : 0
            },
            "sttMs" : {
              "max" : 989.7760152816772,
              "min" : 562.5909566879272,
              "p50" : 594.26349401474,
              "p95" : 819.8461115360255
            },
            "totalStageMs" : {
              "max" : 989.8020029067993,
              "min" : 562.608003616333,
              "p50" : 594.3059325218201,
              "p95" : 819.9220418930049
            }
          },
          "iterations" : 10,
          "level" : "raw",
          "providers" : {
            "sttMode" : "batch",
            "sttObserved" : [
              {
                "count" : 10,
                "model" : "scribe_v2",
                "provider" : "ElevenLabs"
              }
            ]
          }
        },
        {
          "distributions" : {
            "encodeMs" : {
              "max" : 0,
              "min" : 0,
              "p50" : 0,
              "p95" : 0
            },
            "generationMs" : {
              "max" : 1158.4270000457764,
              "min" : 859.6391677856445,
              "p50" : 947.7575421333313,
              "p95" : 1091.5277719497678
            },
            "pasteMs" : {
              "max" : 0.7669925689697266,
              "min" : 0.03600120544433594,
              "p50" : 0.08243322372436523,
              "p95" : 0.6887257099151609
            },
            "rewriteMs" : {
              "max" : 587.88001537323,
              "min" : 276.24809741973877,
              "p50" : 365.6230568885803,
              "p95" : 511.6522789001463
            },
            "sttMs" : {
              "max" : 625.0370740890503,
              "min" : 547.5069284439087,
              "p50" : 578.1440734863281,
              "p95" : 617.7506923675537
            },
            "totalStageMs" : {
              "max" : 1158.5440635681152,
              "min" : 859.6831560134888,
              "p50" : 947.8225111961365,
              "p95" : 1091.617316007614
            }
          },
          "iterations" : 10,
          "level" : "clean",
          "providers" : {
            "rewriteObserved" : [
              {
                "count" : 10,
                "model" : "google/gemini-2.5-flash-lite",
                "path" : "openrouter"
              }
            ],
            "sttMode" : "batch",
            "sttObserved" : [
              {
                "count" : 10,
                "model" : "scribe_v2",
                "provider" : "ElevenLabs"
              }
            ]
          }
        },
        {
          "distributions" : {
            "encodeMs" : {
              "max" : 0,
              "min" : 0,
              "p50" : 0,
              "p95" : 0
            },
            "generationMs" : {
              "max" : 5768.447160720825,
              "min" : 1006.4579248428345,
              "p50" : 1126.0839700698853,
              "p95" : 3843.56490373611
            },
            "pasteMs" : {
              "max" : 1.56402587890625,
              "min" : 0.03600120544433594,
              "p50" : 0.06198883056640625,
              "p95" : 0.9178280830383285
            },
            "rewriteMs" : {
              "max" : 5163.912057876587,
              "min" : 386.6080045700073,
              "p50" : 548.743486404419,
              "p95" : 3228.8877248763993
            },
            "sttMs" : {
              "max" : 645.9920406341553,
              "min" : 560.920000076294,
              "p50" : 583.0495357513428,
              "p95" : 637.478494644165
            },
            "totalStageMs" : {
              "max" : 5768.533229827881,
              "min" : 1006.585955619812,
              "p50" : 1126.1374950408936,
              "p95" : 3843.6284422874405
            }
          },
          "iterations" : 10,
          "level" : "polish",
          "providers" : {
            "rewriteObserved" : [
              {
                "count" : 10,
                "model" : "x-ai/grok-4.1-fast",
                "path" : "openrouter"
              }
            ],
            "sttMode" : "batch",
            "sttObserved" : [
              {
                "count" : 10,
                "model" : "scribe_v2",
                "provider" : "ElevenLabs"
              }
            ]
          }
        }
      ]
    },
    {
      "audioBytes" : 427630,
      "audioFile" : "fixture-medium.caf",
      "fixtureID" : "fixture-medium",
      "levels" : [
        {
          "distributions" : {
            "encodeMs" : {
              "max" : 52.3449182510376,
              "min" : 30.691027641296387,
              "p50" : 45.10897397994995,
              "p95" : 52.09971070289612
            },
            "generationMs" : {
              "max" : 1570.052981376648,
              "min" : 1071.4800357818604,
              "p50" : 1163.6224389076233,
              "p95" : 1558.020430803299
            },
            "pasteMs" : {
              "max" : 0.49102306365966797,
              "min" : 0.032067298889160156,
              "p50" : 0.072479248046875,
              "p95" : 0.4225730895996092
            },
            "rewriteMs" : {
              "max" : 0,
              "min" : 0,
              "p50" : 0,
              "p95" : 0
            },
            "sttMs" : {
              "max" : 1518.252968788147,
              "min" : 1026.4610052108765,
              "p50" : 1124.7819662094116,
              "p95" : 1510.890519618988
            },
            "totalStageMs" : {
              "max" : 1570.1239109039307,
              "min" : 1071.97105884552,
              "p50" : 1163.8104319572449,
              "p95" : 1558.0927550792694
            }
          },
          "iterations" : 10,
          "level" : "raw",
          "providers" : {
            "sttMode" : "batch",
            "sttObserved" : [
              {
                "count" : 10,
                "model" : "scribe_v2",
                "provider" : "ElevenLabs"
              }
            ]
          }
        },
        {
          "distributions" : {
            "encodeMs" : {
              "max" : 43.49398612976074,
              "min" : 18.542051315307617,
              "p50" : 31.250476837158203,
              "p95" : 43.433260917663574
            },
            "generationMs" : {
              "max" : 2674.3258237838745,
              "min" : 1486.4650964736938,
              "p50" : 1746.6039657592773,
              "p95" : 2452.173042297363
            },
            "pasteMs" : {
              "max" : 0.7109642028808594,
              "min" : 0.028014183044433594,
              "p50" : 0.051021575927734375,
              "p95" : 0.4486441612243646
            },
            "rewriteMs" : {
              "max" : 1598.5809564590454,
              "min" : 396.6449499130249,
              "p50" : 593.999981880188,
              "p95" : 1284.0889990329736
            },
            "sttMs" : {
              "max" : 1540.6759977340698,
              "min" : 983.8060140609741,