{
  "audioBytes" : 558044,
  "audioFile" : "2 fixtures",
  "commitSHA" : "f11bcf01a531007c339fc26033678721debaff00",
  "fixtureResults" : [
    {
      "audioBytes" : 130414,
      "audioFile" : "fixture-short.caf",
      "fixtureID" : "fixture-short",
      "levels" : [
        {
          "distributions" : {
            "encodeMs" : {
              "max" : 0,
              "min" : 0,
              "p50" : 0,
              "p95" : 0
            },
            "generationMs" : {
              "max" : 1601.1120080947876,
              "min" : 581.7810297012329,
              "p50" : 640.4834389686584,
              "p95" : 1301.1163711547845
            },
            "pasteMs" : {
              "max" : 0.18906593322753906,
              "min" : 0.011086463928222656,
              "p50" : 0.0934600830078125,
              "p95" : 0.15532374382019035
            },
            "rewriteMs" : {
              "max" : 0,
              "min" : 0,
              "p50" : 0,
              "p95" : 0
            },
            "sttMs" : {
              "max" : 1601.1120080947876,
              "min" : 581.7810297012329,
              "p50" : 640.4834389686584,
              "p95" : 1301.1163711547845
            },
            "totalStageMs" : {
              "max" : 1601.2059450149536,
              "min" : 581.8639993667603,
              "p50" : 640.5460238456726,
              "p95" : 1301.2022614479058
            }
          },
          "iterations" : 10,
          "level" : "raw",
          "providers" : {
            "sttMode" : "batch",
            "sttObserved" : [
              {
                "count" : 10,
                "model" : "scribe_v2",
                "provider" : "ElevenLabs"
              }
            ]
          }
        },
        {
          "distributions" : {
            "encodeMs" : {
              "max" : 0,
              "min" : 0,
              "p50" : 0,
              "p95" : 0
            },
            "generationMs" : {
              "max" : 1939.60702419281,
              "min" : 909.1758728027344,
              "p50" : 1133.2255601882935,
              "p95" : 1750.8635163307185
            },
            "pasteMs" : {
              "max" : 1.1550188064575195,
              "min" : 0.02396106719970703,
              "p50" : 0.10502338409423828,
              "p95" : 0.7121860980987539
            },
            "rewriteMs" : {
              "max" : 702.9469013214111,
              "min" : 306.74290657043457,
              "p50" : 429.0565252304077,
              "p95" : 630.7971417903898
            },
            "sttMs" : {
              "max" : 1411.4869832992554,
              "min" : 588.657021522522,
              "p50" : 616.8950200080872,
              "p95" : 1263.9855504035945
            },
            "totalStageMs" : {
              "max" : 1939.6470785140991,
              "min" : 909.3078374862671,
              "p50" : 1133.3230137825012,
              "p95" : 1750.9300708770747
            }
          },
          "iterations" : 10,
          "level" : "clean",
          "providers" : {
            "rewriteObserved" : [
              {
                "count" : 10,
                "model" : "google/gemini-2.5-flash-lite",
                "path" : "openrouter"
              }
            ],
            "sttMode" : "batch",
            "sttObserved" : [
              {
                "count" : 10,
                "model" : "scribe_v2",
                "provider" : "ElevenLabs"
              }
            ]
          }
        },
        {
          "distributions" : {
            "encodeMs" : {
              "max" : 0,
              "min" : 0,
              "p50" : 0,
              "p95" : 0
            },
            "generationMs" : {
              "max" : 1381.3410997390747,
              "min" : 953.5740613937378,
              "p50" : 1006.4680576324463,
              "p95" : 1362.730860710144
            },
            "pasteMs" : {
              "max" : 0.10597705841064453,
              "min" : 0.051975250244140625,
              "p50" : 0.10001659393310547,
              "p95" : 0.10420680046081543
            },
            "rewriteMs" : {
              "max" : 449.8710632324219,
              "min" : 389.42205905914307,
              "p50" : 415.5845046043396,
              "p95" : 443.06747913360596
            },
            "sttMs" : {
              "max" : 962.1000289916992,
              "min" : 555.9470653533936,
              "p50" : 593.0275321006775,
              "p95" : 946.7806994915009
            },
            "totalStageMs" : {
              "max" : 1381.4431428909302,
              "min" : 953.6750316619873,
              "p50" : 1006.5440535545349,
              "p95" : 1362.8324210643768
            }
          },
          "iterations" : 10,
          "level" : "polish",
          "providers" : {
            "rewriteObserved" : [
              {
                "count" : 10,
                "model" : "x-ai/grok-4.1-fast",
                "path" : "openrouter"
              }
            ],
            "sttMode" : "batch",
            "sttObserved" : [
              {
                "count" : 10,
                "model" : "scribe_v2",
                "provider" : "ElevenLabs"
              }
            ]
          }
        }
      ]
    },
    {
      "audioBytes" : 427630,
      "audioFile" : "fixture-medium.caf",
      "fixtureID" : "fixture-medium",
      "levels" : [
        {
          "distributions" : {
            "encodeMs" : {
              "max" : 34.22999382019043,
              "min" : 27.837038040161133,
              "p50" : 32.91803598403931,
              "p95" : 34.215134382247925
            },
            "generationMs" : {
              "max" : 1379.2921304702759,
              "min" : 1073.0918645858765,
              "p50" : 1152.8834700584412,
              "p95" : 1358.4746479988098
            },
            "pasteMs" : {
              "max" : 0.3510713577270508,
              "min" : 0.032067298889160156,
              "p50" : 0.09196996688842773,
              "p95" : 0.35101771354675293
            },
            "rewriteMs" : {
              "max" : 0,
              "min" : 0,
              "p50" : 0,
              "p95" : 0
            },
            "sttMs" : {
              "max" : 1351.4550924301147,
              "min" : 1041.7009592056274,
              "p50" : 1118.6699867248535,
              "p95" : 1328.2314538955688
            },
            "totalStageMs" : {
              "max" : 1379.643201828003,
              "min" : 1073.301911354065,
              "p50" : 1152.9489159584045,
              "p95" : 1358.7118327617645
            }
          },
          "iterations" : 10,
          "level" : "raw",
          "providers" : {
            "sttMode" : "batch",
            "sttObserved" : [
              {
                "count" : 10,
                "model" : "scribe_v2",
                "provider" : "ElevenLabs"
              }
            ]
          }
        },
        {
          "distributions" : {
            "encodeMs" : {
              "max" : 52.011966705322266,
              "min" : 26.264071464538574,
              "p50" : 33.709049224853516,
              "p95" : 49.851983785629265
            },
            "generationMs" : {
              "max" : 2423.1261014938354,
              "min" : 1425.3261089324951,
              "p50" : 1631.6720247268677,
              "p95" : 2136.798679828643
            },
            "pasteMs" : {
              "max" : 0.3349781036376953,
              "min" : 0.052094459533691406,
              "p50" : 0.11801719665527344,
              "p95" : 0.26030540466308577
            },
            "rewriteMs" : {
              "max" : 1298.5550165176392,
              "min" : 300.4859685897827,
              "p50" : 408.40643644332886,
              "p95" : 934.9527776241293
            },
            "sttMs" : {
              "max" : 1300.1630306243896,