{
  "audioBytes" : 558044,
  "audioFile" : "2 fixtures",
  "commitSHA" : "f50178a1421bf2ed98ca0649b0c1fc49c551de68",
  "fixtureResults" : [
    {
      "audioBytes" : 130414,
      "audioFile" : "fixture-short.caf",
      "fixtureID" : "fixture-short",
      "levels" : [
        {
          "distributions" : {
            "encodeMs" : {
              "max" : 0,
              "min" : 0,
              "p50" : 0,
              "p95" : 0
            },
            "generationMs" : {
              "max" : 880.2438974380493,
              "min" : 528.3159017562866,
              "p50" : 569.6110129356384,
              "p95" : 767.0239388942716
            },
            "pasteMs" : {
              "max" : 0.14591217041015625,
              "min" : 0.01609325408935547,
              "p50" : 0.06449222564697266,
              "p95" : 0.136953592300415
            },
            "rewriteMs" : {
              "max" : 0,
              "min" : 0,
              "p50" : 0,
              "p95" : 0
            },
            "sttMs" : {
              "max" : 880.2438974380493,
              "min" : 528.3159017562866,
              "p50" : 569.6110129356384,
              "p95" : 767.0239388942716
            },
            "totalStageMs" : {
              "max" : 880.2798986434937,
              "min" : 528.398871421814,
              "p50" : 569.7219371795654,
              "p95" : 767.0676112174986
            }
          },
          "iterations" : 10,
          "level" : "raw",
          "providers" : {
            "sttMode" : "batch",
            "sttObserved" : [
              {
                "count" : 10,
                "model" : "scribe_v2",
                "provider" : "ElevenLabs"
              }
            ]
          }
        },
        {
          "distributions" : {
            "encodeMs" : {
              "max" : 0,
              "min" : 0,
              "p50" : 0,
              "p95" : 0
            },
            "generationMs" : {
              "max" : 1360.2060079574585,
              "min" : 897.5520133972168,
              "p50" : 973.3794927597046,
              "p95" : 1270.1920390129087
            },
            "pasteMs" : {
              "max" : 0.4590749740600586,
              "min" : 0.025987625122070312,
              "p50" : 0.13750791549682617,
              "p95" : 0.4397094249725341
            },
            "rewriteMs" : {
              "max" : 563.3870363235474,
              "min" : 291.08500480651855,
              "p50" : 367.3514723777771,
              "p95" : 490.40648937225325
            },
            "sttMs" : {
              "max" : 975.924015045166,
              "min" : 563.2750988006592,
              "p50" : 595.8985090255737,
              "p95" : 927.8486907482146
            },
            "totalStageMs" : {
              "max" : 1360.3450059890747,
              "min" : 897.6140022277832,
              "p50" : 973.4749794006348,
              "p95" : 1270.3337192535398
            }
          },
          "iterations" : 10,
          "level" : "clean",
          "providers" : {
            "rewriteObserved" : [
              {
                "count" : 10,
                "model" : "google/gemini-2.5-flash-lite",
                "path" : "openrouter"
              }
            ],
            "sttMode" : "batch",
            "sttObserved" : [
              {
                "count" : 10,
                "model" : "scribe_v2",
                "provider" : "ElevenLabs"
              }
            ]
          }
        },
        {
          "distributions" : {
            "encodeMs" : {
              "max" : 0,
              "min" : 0,
              "p50" : 0,
              "p95" : 0
            },
            "generationMs" : {
              "max" : 1382.7259540557861,
              "min" : 958.575963973999,
              "p50" : 1016.2655711174011,
              "p95" : 1319.0923690795896
            },
            "pasteMs" : {
              "max" : 0.5450248718261719,
              "min" : 0.06198883056640625,
              "p50" : 0.13142824172973633,
              "p95" : 0.42936801910400363
            },
            "rewriteMs" : {
              "max" : 538.2860898971558,
              "min" : 383.37695598602295,
              "p50" : 421.4560389518738,
              "p95" : 511.46786212921137
            },
            "sttMs" : {
              "max" : 947.7579593658447,
              "min" : 560.4400634765625,
              "p50" : 594.592034816742,
              "p95" : 896.1857318878173
            },
            "totalStageMs" : {
              "max" : 1383.2709789276123,
              "min" : 958.8639736175537,
              "p50" : 1016.3755416870117,
              "p95" : 1319.438964128494
            }
          },
          "iterations" : 10,
          "level" : "polish",
          "providers" : {
            "rewriteObserved" : [
              {
                "count" : 10,
                "model" : "x-ai/grok-4.1-fast",
                "path" : "openrouter"
              }
            ],
            "sttMode" : "batch",
            "sttObserved" : [
              {
                "count" : 10,
                "model" : "scribe_v2",
                "provider" : "ElevenLabs"
              }
            ]
          }
        }
      ]
    },
    {
      "audioBytes" : 427630,
      "audioFile" : "fixture-medium.caf",
      "fixtureID" : "fixture-medium",
      "levels" : [
        {
          "distributions" : {
            "encodeMs" : {
              "max" : 41.31507873535156,
              "min" : 16.921043395996094,
              "p50" : 31.68797492980957,
              "p95" : 38.7495994567871
            },
            "generationMs" : {
              "max" : 1358.260989189148,
              "min" : 985.6349229812622,
              "p50" : 1067.8510069847107,
              "p95" : 1303.1288266181944
            },
            "pasteMs" : {
              "max" : 0.24998188018798828,
              "min" : 0.051021575927734375,
              "p50" : 0.09250640869140625,
              "p95" : 0.2409696578979492
            },
            "rewriteMs" : {
              "max" : 0,
              "min" : 0,
              "p50" : 0,
              "p95" : 0
            },
            "sttMs" : {
              "max" : 1322.646975517273,
              "min" : 960.6059789657593,
              "p50" : 1036.157488822937,
              "p95" : 1275.926649570465
            },
            "totalStageMs" : {
              "max" : 1358.4909439086914,
              "min" : 985.6859445571899,
              "p50" : 1067.933976650238,
              "p95" : 1303.3677935600278
            }
          },
          "iterations" : 10,
          "level" : "raw",
          "providers" : {
            "sttMode" : "batch",
            "sttObserved" : [
              {
                "count" : 10,
                "model" : "scribe_v2",
                "provider" : "ElevenLabs"
              }
            ]
          }
        },
        {
          "distributions" : {
            "encodeMs" : {
              "max" : 36.752939224243164,
              "min" : 18.47696304321289,
              "p50" : 33.650994300842285,
              "p95" : 36.05722784996033
            },
            "generationMs" : {
              "max" : 2073.896884918213,
              "min" : 1425.7270097732544,
              "p50" : 1613.8184666633606,
              "p95" : 2006.9702446460722
            },
            "pasteMs" : {
              "max" : 0.14197826385498047,
              "min" : 0.03504753112792969,
              "p50" : 0.0795125961303711,
              "p95" : 0.1366138458251953
            },
            "rewriteMs" : {
              "max" : 940.1808977127075,
              "min" : 355.0180196762085,
              "p50" : 415.2134656906128,
              "p95" : 766.2136256694789
            },
            "sttMs" : {
              "max" : 1485.0540161132812,
              "min" : 1017.2370672225952,