{
  "budgets" : {
    "paste_p95" : {
      "actual" : 0.00028002262115478516,
      "pass" : true,
      "target" : 0.08
    },
    "rewrite_p95_light" : {
      "actual" : 0.060133934020996094,
      "pass" : true,
      "target" : 0.9
    },
    "total_p50" : {
      "actual" : 0.11324000358581543,
      "pass" : true,
      "target" : 1.2
    },
    "total_p95" : {
      "actual" : 0.12003588676452637,
      "pass" : true,
      "target" : 2.5
    }
  },
  "iterations" : 20,
  "stages" : {
    "encode" : {
      "max" : 0,
      "min" : 0,
      "p50" : 0,
      "p95" : 0
    },
    "paste" : {
      "max" : 0.00028002262115478516,
      "min" : 3.600120544433594e-05,
      "p50" : 9.107589721679688e-05,
      "p95" : 0.00028002262115478516
    },
    "rewrite" : {
      "max" : 0.060133934020996094,
      "min" : 0.050727009773254395,
      "p50" : 0.05607104301452637,
      "p95" : 0.060133934020996094
    },
    "stt" : {
      "max" : 0.059838056564331055,
      "min" : 0.054327964782714844,
      "p50" : 0.05702197551727295,
      "p95" : 0.059838056564331055
    },
    "total" : {
      "max" : 0.12003588676452637,
      "min" : 0.10783600807189941,
      "p50" : 0.11324000358581543,
      "p95" : 0.12003588676452637
    }
  },
  "timestamp" : "2026-02-09T01:27:32Z"
}